Site ID,Longitude,Latitude,Sample Group,Date,Time Sampled,Source,Temp,DO,SC,Field pH,Lab pH,Alkalinity,Gas Rover Reading,F,Cl,SO4,Br,NO3,Al,Ba,Ca,Fe,K,Mg,Mn,Na,P,Si,Sr,Ti,Li,Be,Ni,Cu,As,Sr.1,Cd,Tl,Pb,U,87Sr/86Sr,87Sr/86Sr Error,87Sr/86Sr Ratio,Benzene,Toluene,Ethylbenzene,"m,p-Xylene",o-Xylene,Methane,Ethane,Propane,δ13C1(‰),δDC1(‰),δ13C2(‰),DIC (mg C/L),DIC (SD),DIC (mol/L C),[H+],[OH-],a0 [H2CO3],a1 [HCO3-],a2 [CO32-],Alk (eq/L),Alk (mg CaCO3/L),NEAR_UOG_DIST,Impoundment_DIST,Recent_Spill_DIST,TPI300,Near_Road_DIST,NEAR_MINE_DIST,NEAR_COG_DIST
Sample_001,-80.1,40.16,Extra,2024-05-06,08:45:00,well,13.5,8.31,1011.0,8.99,8.73,,18,1.26,4.79,13.3,0.0339805825242718,2.62,<0.01,0.07,3.35,<0.005,1.22,1.71,<0.005,267.0,0.21,4.77,0.11,bd,15.4,<0.05,0.92,3.79,0.67,104.27121903578588,0.05,1.54,1.46,0.05,0.712398,1.2e-05,171.0,0.14,0.72,0.13,0.15,0.12,0.0012,<0.0002,<0.0003,,,,137.98,1.172,0.011498333,1.023292992e-09,9.77237221e-06,0.001942626,0.951457024,0.04660035,0.012021594,601.0797039,2176.241879,11113.03163,4564.651258,4.0,689.6339848793846,0.0,
Sample_002,-80.28,40.23,I,2024-05-06,11:40:00,well,13.7,2.06,608.0,7.05,7.35,,<5,0.123,28.4,21.8,0.1868932038834951,0.75,0.01,0.06,89.5,<0.005,1.96,18.6,<0.005,7.99,0.02,6.16,0.46,bd,14.4,<0.05,0.22,5.41,0.18,390.9969387290407,<0.05,0.17,1.29,0.64,0.711234,9e-06,215.0,,,,,,<0.0002,<0.0002,<0.0003,,,,60.99,0.255,0.0050825,8.912509381e-08,1.122018454e-07,0.150907508,0.848615281,0.000477211,0.004317961,215.8980547,6613.129281,232.8121011,11379.67005,2.0,828.2623455256291,0.0,
Sample_003,-80.09,40.12,HS/S,2024-05-06,15:20:00,spring,13.9,6.88,501.0,7.09,7.22,,10,0.102,12.5,25.3,0.0226537216828478,2.18,0.01,0.16,72.4,<0.005,1.42,18.6,0.01,6.39,0.02,5.26,0.4,bd,9.02,<0.05,0.35,0.61,0.17,354.14192852341654,<0.05,0.05,0.08,0.26,0.712074,8e-06,215.0,0.16,0.23,0.13,0.21,0.13,0.00062,<0.0002,<0.0003,,,,47.11,0.357,0.003925833,8.128305162e-08,1.230268771e-07,0.13947484,0.859994892,0.000530269,0.003380402,169.0200924,497.9884396,10700.94677,406.5711712,4.0,1680.192842055368,0.0,645.0419016786365
Sample_004,-80.24,40.35,Extra,2024-05-07,09:00:00,well,14.0,9.07,530.0,7.41,7.61,,5,0.106,18.1,32.1,0.1213592233009708,6.69,0.01,0.12,55.0,<0.005,1.46,23.4,<0.005,18.0,0.02,4.43,0.63,bd,9.13,<0.05,0.21,2.47,0.12,564.0349701457404,<0.05,0.14,0.65,0.63,0.71143,8e-06,216.0,0.12,0.14,<0.04,0.12,0.09,<0.0002,<0.0002,<0.0003,,,,56.02,0.119,0.004668333,3.89045145e-08,2.570395783e-07,0.071947149,0.926858826,0.001194025,0.004338252,216.9126152,2991.209164,5783.635955,5476.030625,5.0,231.1165626448739,2.650470133512756,
Sample_005,-80.31,40.31,HS/I,2024-05-08,12:00:00,well,13.5,1.14,957.0,7.03,7.41,,<5,0.152,128.0,18.2,0.0679611650485437,1.34,0.01,0.24,78.1,0.01,2.02,31.1,0.01,65.4,0.01,5.83,2.14,bd,12.3,<0.05,0.18,1.24,0.07,1914.0779842829768,<0.05,0.15,0.15,0.07,0.711645,1.1e-05,215.0,<0.04,0.1,<0.04,0.11,0.09,0.0018,<0.0002,<0.0003,,,,61.94,0.051,0.005161667,9.332543008e-08,1.071519305e-07,0.156906999,0.842640476,0.000452525,0.004354115,217.7057324,776.9934578,937.3510603,7869.230059,4.0,1370.442127596154,,
Sample_006,-80.51,40.26,Extra,2024-05-08,17:30:00,well,13.8,7.62,612.0,6.75,7.41,,<5,0.141,14.2,80.7,0.0307443365695792,4.69,0.01,0.06,85.3,<0.005,1.87,20.5,<0.005,6.8,0.02,7.53,0.32,bd,31.7,<0.05,0.47,2.26,0.06,308.48154960490325,<0.05,<0.05,0.08,0.12,0.711622,8e-06,215.0,,,,,,<0.0002,<0.0002,<0.0003,,,,63.24,0.238,0.00527,1.77827941e-07,5.623413252e-08,0.261836498,0.737955518,0.000207984,0.003891096,194.5548068,2792.941038,9739.385046,15861.07921,5.0,66.1458374917384,,
Sample_007,-80.24,40.35,Extra,2024-05-07,14:05:00,spring,11.5,8.1,598.0,7.14,7.06,,13,0.105,15.5,30.6,0.1019417475728155,6.66,0.01,0.11,75.0,<0.005,1.55,23.5,<0.005,13.5,0.02,4.7,0.55,bd,7.95,<0.05,<0.05,0.14,<0.05,497.2218956,<0.05,<0.05,<0.05,0.57,0.711333,9e-06,214.0,,,,,,<0.0002,<0.0002,<0.0003,,,,73.45,0.781,0.006120833,7.244359601e-08,1.380384265e-07,0.126213288,0.873182617,0.000604095,0.005352066,267.6032995,2852.927538,5641.387552,5486.446355,2.0,345.2839509518489,0.0,
Sample_008,-80.29,40.08,Extra,2024-05-07,17:15:00,well,14.8,8.69,623.0,7.13,7.25,,15,0.082,12.6,41.5,0.0347896440129449,7.08,0.02,0.08,95.8,<0.005,1.59,15.4,<0.005,8.97,0.01,6.97,0.44,bd,10.1,<0.05,0.24,9.83,0.09,399.8448748613752,<0.05,<0.05,0.73,0.39,0.712277,9e-06,214.0,,,,,,<0.0002,<0.0002,<0.0003,,,,72.03,0.187,0.0060025,7.413102413e-08,1.348962883e-07,0.128776356,0.870635022,0.000588622,0.005233114,261.6556943,14045.87314,5745.463917,6287.954908,5.0,424.0191879454324,666.1196299710862,
Sample_009,-80.31,40.14,Extra,2024-05-07,19:00:00,well,13.7,5.04,674.0,7.13,7.3,,<5,0.095,49.6,56.3,0.0370981038746908,4.05,0.02,0.05,88.3,<0.005,1.71,16.3,<0.005,19.7,0.02,5.82,0.23,bd,6.24,<0.05,0.19,4.15,0.06,217.2092090606604,<0.05,<0.05,0.42,0.22,0.712263,9e-06,213.0,,,,,,<0.0002,<0.0002,<0.0003,,,,58.05,0.051,0.0048375,7.413102413e-08,1.348962883e-07,0.128776356,0.870635022,0.000588622,0.004217453,210.8726299,11557.16731,8467.839608,9877.287932,6.0,73.62622787528518,0.0,
Sample_010,-80.31,40.32,HS/I,2024-05-08,15:15:00,well,13.2,1.01,605.0,7.5,7.74,,<5,0.269,51.8,17.1,0.0931574608408903,3.99,0.01,0.24,45.3,<0.005,2.29,19.4,<0.005,45.1,0.02,4.44,1.06,bd,11.6,<0.05,0.2,1.16,0.11,973.3717280616996,<0.05,<0.05,0.2,0.16,0.711516,8e-06,213.0,<0.04,<0.04,<0.04,<0.08,<0.06,0.0053,<0.0002,<0.0003,,,,54.08,0.017,0.004506667,3.16227766e-08,3.16227766e-07,0.059262593,0.939248798,0.001488609,0.004246583,212.3291592,906.9472298,911.9180324,7699.419003,2.0,1612.407479001258,,
Sample_011,-80.36,40.21,I,2024-06-28,11:30:00,well,14.9,9.81,566.0,7.29,7.55,279,<5,0.103,3.82,42.6,0.0202265372168284,0.431,0.01,0.07,96.4,0.04,1.76,13.1,0.06,20.6,0.01,5.8,0.54,bd,10.2,<0.05,0.27,0.14,0.05,471.55,<0.05,<0.05,0.65,0.2,0.711692,8e-06,,<0.04,<0.04,<0.04,<0.08,<0.06,0.00043,<0.0002,<0.0002,,,,67.2,0.4,0.0056,5.12861384e-08,1.9498446e-07,0.092747841,0.906366424,0.000885735,0.005085716,254.2857952,5053.965005,651.0051958,10519.61384,5.0,299.9917083141992,,
Sample_012,-80.21,40.33,C,2024-05-28,14:18:00,well,15.6,0.656,468.9,7.17,7.57,189,16,0.184,8.64,48.7,0.0299352750809061,0.147,<0.01,0.08,60.1,<0.005,1.17,16.6,0.06,8.8,0.03,8.96,0.35,bd,10.6,<0.05,0.3,3.8,3.43,348.38,<0.05,0.38,0.36,0.14,0.711494,8e-06,211.0,0.14,0.18,0.11,0.15,0.1,0.00077,<0.0002,<0.0002,,,,48.26,0.467,0.004021667,6.760829754e-08,1.479108388e-07,0.118784627,0.880562603,0.00065277,0.00354666,177.3330009,5545.500302,6267.803782,8916.900074,4.0,1096.506566829128,37.75002998556928,526.3553536519884
Sample_013,-80.13,40.16,Extra,2024-05-28,17:00:00,well,13.8,0.278,1103.0,8.65,8.73,461,13,1.39,70.0,12.4,0.065952184666117,0.067,<0.01,0.36,3.73,<0.005,1.05,1.21,0.01,232.0,0.05,4.18,0.22,bd,15.5,<0.05,<0.05,<0.05,0.08,230.82,<0.05,0.49,<0.05,<0.05,0.712443,1e-05,214.0,0.13,0.11,<0.04,0.12,<0.06,9.4,0.097,<0.0002,-70.18,-194.7,,116.92,0.328,0.009743333,2.238721139e-09,4.466835922e-06,0.00435002,0.973848234,0.021801746,0.009917836,495.8917957,2179.393989,7960.680242,5401.126163,4.0,214.8632009649143,0.0,
Sample_013-2,-80.14,40.16,Extra,2024-05-28,18:15:00,spring,12.9,6.0,630.0,6.88,7.05,249,<5,0.073,9.15,60,0.0202265372168284,3.27,<0.01,0.13,93.6,<0.005,1.56,14.8,0.01,12.0,0.03,6.23,0.43,bd,7.44,<0.05,0.42,0.19,0.17,408.27,<0.05,0.08,<0.05,0.4,0.712343,7e-06,216.0,<0.04,0.11,<0.04,<0.08,<0.06,,,,,,,70.06,1.246,0.005838333,1.3182567385564048e-07,7.585775750291854e-08,0.2081884947335504,0.79151058133635,0.0003009239300996,0.0046245604312095,231.22802156047504,2439.87333,7665.27243,5585.719395,1.0,1590.240485448337,0.0,
Sample_013-3,-80.11,40.13,HS/S,2023-05-28,19:30:00,well,14.4,5.05,495.3,6.85,7.47,233,16,0.07,3.55,26.2,0.0242718446601941,7.06,<0.01,0.17,73.1,<0.005,1.2,12.9,<0.005,4.77,0.03,4.86,0.26,bd,6.55,<0.05,0.25,23.2,0.07,263.32,<0.05,0.06,0.28,0.67,0.71144,1.1e-05,214.0,0.13,0.17,0.11,0.14,0.1,0.014,0.0002,<0.0002,,,,61.83,0.19,0.0051525,1.412537545e-07,7.079457844e-08,0.219809553,0.779913724,0.000276724,0.004021287,201.064332,1544.007593,9494.400929,1728.722508,4.0,1876.164304065313,0.0,
Sample_014,-80.37,40.21,I,2024-05-29,08:00:00,well,14.1,1.94,757.0,6.68,7.09,324,<5,0.057,17.6,41.8,0.0218446601941747,15.4,<0.01,0.12,127.0,<0.005,0.92,12.3,<0.005,6.66,0.02,5.42,0.47,bd,10.2,<0.05,0.27,0.66,<0.05,430.28,<0.05,<0.05,<0.05,0.39,0.711255,1e-05,217.0,0.14,0.21,0.11,0.14,0.1,<0.0001,<0.0002,<0.0002,,,,92.04,1.227,0.00767,2.089296131e-07,4.786300923e-08,0.294168836,0.705661888,0.000169276,0.005414862,270.7431156,4503.675091,489.7096854,10496.52715,5.0,745.0839323896499,,
Sample_015,-80.35,40.22,I,2024-05-29,10:00:00,well,13.3,5.13,682.0,6.27,6.76,178,<5,0.09,6.52,195,0.0283171521035598,0.115,<0.01,0.06,121.0,<0.005,0.93,4.51,0.03,6.13,0.02,5.35,0.28,bd,17.9,<0.05,1,3.43,<0.05,271.78,<0.05,<0.05,0.32,0.17,0.711511,1e-05,216.0,<0.04,0.13,0.11,0.12,0.09,<0.0001,<0.0001,<0.0002,,,,52.7,0.432,0.004391667,5.370317964e-07,1.862087137e-08,0.517239222,0.482715728,4.504965296e-05,0.002119804,105.9901925,4936.972046,1617.867987,11630.85185,6.0,634.9878556981731,,
Sample_016,-80.43,40.05,Extra,2024-05-29,12:30:00,spring,14.4,7.51,247.8,6.58,6.88,107,<5,0.052,0.684,16.2,0.023462783171521,0.219,<0.01,0.05,39.7,0.01,0.51,3.79,0.04,2.52,0.02,3.84,0.11,bd,0.27,<0.05,0.14,0.59,0.14,100.86,<0.05,<0.05,<0.05,0.13,0.712394,8e-06,213.0,<0.04,0.11,<0.04,0.12,<0.06,0.0017,<0.0002,<0.0002,,,,33.61,0.415,0.002800833,2.630267992e-07,3.801893963e-08,0.344136489,0.655738562,0.000124948,0.001837089,91.85446672,16809.61976,17098.74398,8567.538754,1.0,4605.942961328929,,
Sample_017,-80.38,40.16,C,2024-05-29,16:00:00,well,14.6,0.345,970.0,6.93,7.53,309,132,0.224,108.0,0.077,0.2621359223300971,1.1,<0.01,1.03,108.0,2.12,2.23,19.6,0.15,42.0,0.17,7.19,1.12,bd,5.29,<0.05,0.33,0.07,3.58,1045.55,<0.05,0.11,<0.05,<0.05,0.711925,9e-06,212.0,<0.04,0.11,0.11,0.12,<0.06,13,0.44,0.0004,-51.5,-174.7,-35.2,87.08,0.415,0.007256667,1.174897555e-07,8.511380382e-08,0.189839239,0.809815311,0.000345451,0.005881541,294.0770518,5971.022312,5223.483709,5351.955976,4.0,83.19296103860805,,
Sample_018,-80.4,40.11,Extra,2024-05-29,19:00:00,spring,11.9,8.3,540.0,7.34,7.38,199,<5,0.084,14.4,30.6,0.0266990291262135,27.8,<0.01,0.06,76.3,<0.005,1.18,16.2,<0.005,4.13,0.02,4.28,0.21,bd,4.43,<0.05,0.06,0.27,<0.05,202.58,<0.05,<0.05,0.05,0.93,0.71203,1e-05,215.0,<0.04,0.11,0.1,0.11,0.08,0.00063,<0.0002,<0.0002,,,,53.77,0.052,0.004480833,4.570881896e-08,2.187761624e-07,0.083494724,0.915501448,0.001003827,0.004111378,205.568922,10940.24589,10958.82761,3276.832396,1.0,1252.968188522656,716.1834411668489,
Sample_019,-80.32,40.19,Extra,2024-05-30,10:30:00,well,13.6,6.75,402.1,7.03,7.55,224,<5,0.064,7.34,22.1,0.0461165048543689,8.32,<0.01,0.16,74.4,<0.005,0.77,12.4,<0.005,9.77,0.02,5.13,0.32,bd,4.91,<0.05,0.49,5.65,<0.05,310.87,<0.05,<0.05,0.28,0.36,0.71186,8e-06,213.0,0.13,0.93,0.13,0.15,0.1,0.0062,<0.0002,<0.0002,,,,62.58,0.605,0.005215,9.332543008e-08,1.071519305e-07,0.156906999,0.842640476,0.000452525,0.004399104,219.9551871,8443.057445,4327.26556,11079.80754,4.0,1819.219399409718,,
Sample_020,-80.31,40.15,Extra,2024-05-30,12:00:00,well,14.4,5.93,968.0,7.04,7.29,216,<5,0.106,98.6,107,0.0370981038746908,2.25,<0.01,0.05,95.8,<0.005,1.74,19.7,<0.005,59.9,0.01,4.82,1.12,bd,10.1,<0.05,0.48,6.41,0.19,1033.99,<0.05,<0.05,0.21,0.79,0.71237,9e-06,213.0,0.14,0.23,0.12,0.14,0.1,0.00055,<0.0002,<0.0002,,,,62.05,0.173,0.005170833,9.120108394e-08,1.096478196e-07,0.153883354,0.845651926,0.00046472,0.00437755,218.8774799,11428.5153,8284.464468,10338.83649,6.0,169.1359046849088,0.0,
Sample_021,-80.36,40.21,I,2024-05-30,13:55:00,well,15.1,0.341,712.0,7.93,8.02,288,<5,1.1,32.7,18.1,0.1351132686084142,0.092,<0.01,0.11,13.3,<0.005,2.12,5.12,0.01,126.0,0.04,5.29,0.97,bd,20.6,<0.05,0.08,0.1,0.11,899.08,<0.05,0.06,0.18,<0.05,0.711886,6e-06,214.0,<0.04,0.16,0.16,0.41,0.15,0.99,0.00046,<0.0002,-77.16,-204.0,,78.65,0.086,0.006554167,1.174897555e-08,8.511380382e-07,0.02281026,0.973038956,0.004150785,0.006432709,321.6354374,4648.346942,260.1208324,10059.81132,4.0,121.1900384288988,,800.2761772296238
Sample_022,-80.17,40.07,S,2024-05-31,11:15:00,well,14.5,1.21,871.0,4.04,4.28,<3.69,<5,0.555,47.8,368,0.0222588623248145,3.69,13.5,0.02,64.6,0.53,1.4,26.8,1.5,38.2,0.02,17.9,0.27,bd,161.0,2.61,79.1,21.4,1.16,259.42,0.39,<0.05,0.98,0.59,0.712277,7e-06,215.0,0.14,0.14,0.11,0.14,0.1,1.3,0.0014,<0.0002,-46.2,-118.2,,11.82,0.1,0.000985,9.120108394e-05,1.096478196e-10,0.994534623,0.005465374,3.003446545e-09,-8.58e-05,-4.290878736,4268.142053,5450.753188,2608.201191,4.0,1696.245751557224,,
Sample_023,-80.25,40.03,S,2024-05-31,13:30:00,well,14.6,0.325,617.0,6.94,7.46,319,<5,0.057,5.36,20.3,0.0331715210355987,0.137,<0.01,0.14,73.5,<0.005,2.29,25.0,0.01,16.8,0.02,6.85,0.67,bd,9.89,<0.05,0.35,9.7,0.07,610.91,<0.05,<0.05,0.24,0.16,0.712803,9e-06,217.0,<0.04,<0.04,0.11,0.12,<0.06,0.027,<0.0002,<0.0002,,,,85.41,0.864,0.0071175,1.148153621e-07,8.7096359e-08,0.186321617,0.813323355,0.000355029,0.005793855,289.6927545,13058.66993,7559.760048,2413.138738,2.0,51.28210944418424,,508.9830061890661
Sample_024,-80.31,40.18,Extra,2024-05-31,16:00:00,well,14.6,0.467,732.0,7.03,7.71,276,<5,0.119,53.2,25,0.0370981038746908,1.23,<0.01,0.15,88.5,0.03,1.31,19.6,0.03,25.9,0.02,6.09,0.67,bd,9.83,<0.05,0.41,2.37,0.11,612.29,<0.05,<0.05,0.28,0.53,0.712079,8e-06,212.0,0.13,0.12,0.11,0.12,0.09,0.0037,<0.0001,<0.0002,,,,75.78,0.57,0.006315,9.332543008e-08,1.071519305e-07,0.156906999,0.842640476,0.000452525,0.005327004,266.350191,10191.66215,6227.314993,11657.33982,2.0,2261.418597439568,,
Sample_025,-80.37,40.31,C,2024-06-24,12:15:00,well,15.8,8.99,659.0,7.04,7.43,313,na,0.068,7.94,44.3,0.0517799352750809,2.06,0.01,0.12,107.0,<0.005,1.39,19.9,<0.005,3.95,0.02,4.94,0.37,bd,6.45,<0.05,0.18,1.07,0.12,321.88,<0.05,0.3,0.36,0.52,0.711461,8e-06,,<0.04,<0.04,9.21,<0.08,<0.06,0.002,<0.0002,<0.0002,,,,80.92,0.36,0.006743333,9.120108394e-08,1.096478196e-07,0.153883354,0.845651926,0.00046472,0.005708799,285.4399398,5548.55815,5656.695386,9331.338586,4.0,1462.943087344492,,
Sample_026,-80.21,40.09,I,2024-06-24,14:30:00,well,13.6,0.341,1539.0,6.77,7.18,270,<5,0.042,307.0,32.9,0.0849134377576257,0.168,0.01,0.13,214.0,0.25,3.76,35.7,0.25,20.1,0.01,7.79,1.88,bd,17.5,<0.05,0.12,1.77,0.06,1611.19,<0.05,0.21,0.25,<0.05,0.712518,8e-06,,0.47,3.2,9.38,<0.08,<0.06,0.0045,<0.0002,<0.0002,,,,76.58,0.61,0.006381667,1.698243652e-07,5.888436554e-08,0.253031303,0.746748316,0.000220381,0.004768201,238.4100347,6699.662655,1622.06874,4992.081891,4.0,62.67124395909075,,
Sample_027,-80.23,40.14,I,2024-06-26,14:30:00,spring,20.3,6.89,529.0,7.18,7.27,256,<5,0.101,8.08,29.1,0.0250809061488673,0.581,0.01,0.1,93.2,<0.005,0.06,9.26,<0.005,4.2,0.01,4.78,0.2,bd,3.49,<0.05,0.14,3.53,0.17,182.41,<0.05,0.2,0.26,0.47,0.711904,1.1e-05,,0.73,2.95,9.17,<0.08,<0.06,0.0002,<0.0002,<0.0002,,,,62.76,0.45,0.00523,6.60693448e-08,1.513561248e-07,0.116393702,0.882936522,0.000669776,0.004624849,231.2424576,7889.585099,1636.720737,8000.83244,4.0,767.1695755516685,,
Sample_028,-80.2,40.11,I,2024-06-25,08:00:00,spring,18.4,8.2,406.9,7.04,7.48,182,<5,0.149,2.03,20.2,0.023462783171521,12.9,0.01,0.14,77.2,<0.005,0.19,2.86,<0.005,2.61,0.02,4.4,0.14,bd,3.27,<0.05,0.14,1.92,<0.05,129.05,<0.05,<0.05,0.25,0.27,0.711478,8e-06,,0.77,3.17,9.21,<0.08,<0.06,<0.0001,<0.0001,<0.0002,,,,47.29,0.09,0.003940833,9.120108394e-08,1.096478196e-07,0.153883354,0.845651926,0.00046472,0.003336255,166.8127258,5796.976597,1732.566626,4810.454422,2.0,37.82683236813735,,
Sample_029,-80.17,40.07,S,2024-06-25,10:30:00,well,14.5,30.7,906.0,3.15,,,<5,0.302,54.9,301,0.0283171521035598,2.15,8.57,<0.005,63.2,0.51,1.95,24.4,1.34,24.1,0.01,17.1,0.21,bd,104.0,1.66,56.5,47.8,0.7,189.76,<0.05,<0.05,11,0.32,0.712444,8e-06,,<0.04,<0.04,<0.04,<0.08,<0.06,0.0002,<0.0002,<0.0002,,,,6.96,0.22,0.00058,0.000707946,0.0,0.999292555,0.000707445,0.0,-0.000707535,-35.37677261,4136.680333,5433.849503,2459.036136,4.0,1779.515340083048,,
Sample_030,-80.22,40.14,I,2024-06-25,15:30:00,well,14.2,0.297,980.0,7.98,8.06,404,<5,1.04,60.5,22.5,0.046925566343042,0.098,0.01,0.22,25.0,0.01,2.67,4.01,0.03,192.0,0.02,2.92,0.29,bd,9.68,<0.05,0.29,0.23,0.13,251.51,<0.05,<0.05,0.44,0.35,0.712919,1e-05,,0.72,2.92,9.1,<0.08,<0.06,4.7,0.019,<0.0002,-74.26,-202.3,,104.42,0.55,0.008701667,1.047128548e-08,9.54992586e-07,0.020369878,0.974963653,0.004666469,0.008565965,428.2982681,7226.136581,1377.624398,7451.707124,1.0,140.0564741932729,,
Sample_031,-80.23,40.13,I,2024-06-25,17:00:00,well,13.7,0.403,864.0,7.11,7.54,265,<5,0.106,115.0,14.7,0.0542071197411003,0.213,0.01,0.24,87.4,0.45,3.1,17.7,0.07,57.8,0.01,7.28,1.5,bd,11.7,<0.05,0.21,0.09,<0.05,1368.54,<0.05,<0.05,0.4,<0.05,0.712927,9e-06,,0.45,3.29,9.49,<0.08,<0.06,0.05,<0.0001,<0.0002,,,,65.98,0.36,0.005498333,7.762471166e-08,1.288249552e-07,0.134035483,0.865405764,0.000558753,0.004764485,238.224249,7952.195683,1464.747463,7918.144804,4.0,935.044925107858,,
Sample_032,-80.21,40.13,I,2024-06-26,11:00:00,well,13.3,0.365,712.0,7.24,7.57,268,<5,0.122,75.6,6.61,0.0889967637540453,0.265,0.01,0.43,66.3,0.13,2.97,14.3,0.03,58.3,0.01,7.89,1.1,bd,12.3,<0.05,0.2,0.12,<0.05,974.52,<0.05,0.17,0.42,<0.05,0.712946,1.5e-05,,<0.04,<0.04,0.36,<0.08,<0.06,0.08,<0.0002,<0.0002,,,,64.82,0.66,0.005401667,5.754399373e-08,1.737800829e-07,0.102910074,0.896309273,0.000780653,0.004850114,242.5056907,6948.312048,1211.294398,7151.023495,2.0,19.14753584514766,,
Sample_033,-80.37,40.24,I,2024-06-26,17:00:00,well,13.0,1.93,687.0,6.95,7.42,313,<5,0.066,18.2,35.1,0.0364077669902912,3.16,0.01,0.16,107.0,<0.005,1.35,20.8,<0.005,8.71,0.01,5.18,0.48,bd,6.94,<0.05,0.6,4.88,0.22,429.31,<0.05,<0.05,1.59,0.34,0.711709,1.4e-05,,0.56,3.14,9.37,<0.08,<0.06,0.0002,<0.0002,<0.0002,,,,84.46,0.29,0.007038333,1.122018454e-07,8.912509381e-08,0.182854428,0.816780729,0.000364843,0.005753888,287.6943861,3492.904832,881.9004267,13738.95516,5.0,1392.609459432849,,
Sample_034,-80.27,40.32,HS,2024-06-27,09:00:00,well,14.3,4.33,760.0,7.36,7.72,230,<5,0.22,86.1,34.9,0.0396440129449838,6.34,0.01,0.11,60.4,<0.005,2.66,20.0,<0.005,62.9,0.01,5.06,1.33,bd,15.2,<0.05,0.92,3.83,0.08,1182.85,<0.05,<0.05,0.52,0.32,0.711559,9e-06,,<0.04,<0.04,<0.04,<0.08,<0.06,0.00074,<0.0001,<0.0002,,,,55.26,0.12,0.004605,4.365158322e-08,2.290867653e-07,0.080033814,0.918911135,0.001055051,0.004241488,212.0744116,1187.950635,2610.457838,6821.447122,5.0,815.9710979642491,130.7397127464032,
Sample_035,-80.32,40.32,HS/I,2024-06-27,11:00:00,well,13.1,0.514,669.0,6.94,7.1,269,<5,0.126,7.1,74.7,0.0307443365695792,0.143,0.01,0.06,106.0,0.13,1.67,14.7,0.43,13.3,0.01,7.09,0.63,bd,15.0,<0.05,1.11,0.82,0.53,550.39,<0.05,<0.05,0.44,0.17,0.711544,9e-06,,<0.04,<0.04,<0.04,<0.08,<0.06,0.0025,<0.0001,<0.0002,,,,71.28,0.19,0.00594,1.148153621e-07,8.7096359e-08,0.186321617,0.813323355,0.000355029,0.004835331,241.7665374,1487.15354,1491.826417,7068.323567,4.0,2508.591341523679,,
Sample_036,-80.38,40.3,C,2024-06-27,14:00:00,well,14.3,0.736,499.0,7.44,7.52,233,<5,0.283,1.59,35.2,0.0283171521035598,0.306,0.01,0.06,46.6,<0.005,2.59,19.3,<0.005,31.8,0.01,5.66,1.77,bd,15.7,<0.05,0.05,2.03,0.07,1455.56,<0.05,<0.05,0.35,<0.05,0.711647,1.3e-05,,<0.04,2.86,9.15,<0.08,<0.06,0.00033,<0.0001,<0.0002,,,,59.69,0.67,0.004974167,3.630780548e-08,2.754228703e-07,0.067463194,0.931251321,0.001285485,0.004645227,232.2613412,6282.415955,5307.716184,10429.76846,4.0,1810.039021692315,,
Sample_037,-80.4,40.24,HS,2024-06-27,16:00:00,well,15.1,7.28,856.0,7.08,7.69,252,<5,0.057,102.0,38.5,0.0404530744336569,6.2,0.01,0.09,111.0,<0.005,2.04,27.4,<0.005,15.5,0.01,4.89,0.57,bd,7.55,<0.05,0.46,8.09,0.42,501.36,<0.05,<0.05,0.64,0.68,0.712156,6e-06,,<0.04,<0.04,<0.04,<0.08,<0.06,0.0006,<0.0002,<0.0002,,,,64.31,0.45,0.005359167,8.317637711e-08,1.202264435e-07,0.142263161,0.857220313,0.000516526,0.00459956,229.9779939,368.6643274,3317.83571,12627.37172,6.0,30.31223599420347,,
Sample_038,-80.14,40.07,S,2024-06-27,19:00:00,well,13.7,7.26,589.0,7.03,7.2,263,<5,0.102,4.5,39.5,0.029126213592233,7.52,0.01,0.07,76.7,<0.005,2.67,25.6,<0.005,9.87,0.02,5.74,0.61,bd,9.08,<0.05,0.36,6.54,0.06,530.0,<0.05,<0.05,0.55,0.78,0.713063,1.1e-05,,<0.04,<0.04,<0.04,<0.08,<0.06,<0.0001,<0.0001,<0.0002,,,,72.99,0.4,0.0060825,9.332543008e-08,1.071519305e-07,0.156906999,0.842640476,0.000452525,0.005130879,256.5439743,2784.791798,7379.900907,1967.658394,5.0,3786.271483981786,766.3431404847315,
Sample_039,-80.27,40.32,HS,2024-06-28,08:00:00,well,15.1,5.7,687.0,7.62,7.8,304,<5,0.32,35.8,26.8,0.0444983818770226,0.794,<0.01,0.24,33.8,<0.005,2.69,12.8,<0.005,99.9,0.01,5.52,1.06,bd,17.6,<0.05,0.22,1.95,0.34,945.97,<0.05,<0.05,0.36,0.21,0.711672,7e-06,,0.39,3.13,9.17,<0.08,<0.06,0.00053,<0.0001,<0.0002,,,,72.73,0.28,0.006060833,2.398832919e-08,4.168693835e-07,0.045585889,0.952424215,0.001989896,0.005796998,289.8499084,1670.855298,2538.16801,7626.323327,2.0,175.8732954441849,192.7174605425059,
Sample_040,-80.29,40.33,HS/I,2024-06-28,10:00:00,well,13.6,0.529,646.0,6.96,7.38,307,<5,0.153,10.6,38.3,0.0200803212851405,0.146,0.01,0.11,90.1,0.01,1.76,27.9,0.07,5.7,0.01,9.62,0.68,bd,12.1,<0.05,0.12,1.17,<0.05,591.47,<0.05,<0.05,0.53,<0.05,0.711141,9e-06,,0.74,2.92,9.21,<0.08,<0.06,<0.0001,<0.0001,<0.0002,,,,83.42,0.52,0.006951667,1.096478196e-07,9.120108394e-08,0.179437497,0.820187605,0.000374898,0.005706865,285.3432361,789.1003345,1876.124736,5437.468241,4.0,2504.539840641884,460.6387812729719,
Sample_041,-80.24,40.1,I,2024-06-28,14:00:00,well,13.8,0.413,654.0,7.01,7.47,269,<5,0.105,21.7,53,0.0281124497991967,0.289,0.01,0.14,92.5,<0.005,1.78,13.5,<0.005,6.94,0.03,6.76,0.53,bd,13.2,<0.05,0.45,5.01,0.09,463.64,<0.05,<0.05,0.52,0.21,0.712443,1.1e-05,,<0.04,<0.04,9.1,<0.08,<0.06,0.028,<0.0002,<0.0002,,,,67.61,0.24,0.005634167,9.77237221e-08,1.023292992e-07,0.163099035,0.83647197,0.000428994,0.004717661,235.8830574,9677.877789,1655.623605,8016.466164,2.0,2749.189001769991,,968.9117372167
Sample_042,-80.1,40.14,HS/S,2024-07-15,11:00:00,well,13.6,2.93,671.0,7.19,7.6,385,<5,0.365,16.2,32.9,0.0273092369477911,1.12,<0.01,0.16,41.0,<0.005,2.7,25.2,0.01,76.3,0.02,5.27,0.46,bd,13.1,<0.05,0.78,4.67,<0.05,358.893,<0.05,0.21,0.2,0.26,0.711538,9e-06,,<0.04,<0.04,<0.04,<0.08,<0.06,0.027,<0.0002,<0.0002,,,,84.47,0.51,0.007039167,6.45654229e-08,1.548816619e-07,0.114044634,0.88526818,0.000687187,0.006241315,312.0657511,1569.795792,10071.92552,1916.003352,4.0,2434.991612575428,0.0,
Sample_043,-80.22,40.34,Extra,2024-07-15,13:00:00,well,13.4,8.4,2880.0,6.99,7.46,262,<5,0.04,584.0,58.8,0.1236947791164658,9.08,0.01,0.16,295.0,<0.005,4.8,53.7,<0.005,190.0,0.01,6.15,1.07,bd,18.3,<0.05,0.46,8.29,<0.05,849.915,<0.05,0.14,0.3,0.97,0.711157,7e-06,,<0.04,<0.04,<0.04,<0.08,<0.06,0.0002,<0.0001,<0.0002,,,,74.73,0.211,0.0062275,1.023292992e-07,9.77237221e-08,0.169486153,0.830107278,0.000406569,0.005174552,258.7276143,4879.058164,6803.134953,7874.887304,5.0,1656.997606793987,35.50782816490928,
Sample_044,-80.34,40.38,Extra,2024-07-15,15:00:00,well,18.8,0.94,230.0,7.48,7.08,43,<5,0.196,11.0,39.4,0.0353413654618473,3.46,0.02,0.04,22.5,<0.005,1.95,4.09,<0.005,15.7,0.11,1.05,0.14,bd,2.24,<0.05,0.47,1.47,0.14,124.146,<0.05,<0.05,0.15,0.07,0.711349,8e-06,,<0.04,<0.04,<0.04,<0.08,<0.06,0.004,<0.0002,<0.0002,,,,11.32,0.021,0.000943333,3.311311215e-08,3.01995172e-07,0.061886852,0.936695403,0.001417746,0.00088656,44.32798462,4670.468787,6978.975171,4375.020803,6.0,4228.059492702575,0.0,
Sample_045,-80.05,40.1,Extra,2024-07-15,18:30:00,well,14.7,7.87,923.0,6.72,7.02,282,<5,0.102,2.78,225,0.0257028112449799,0.404,0.01,0.08,183.0,<0.005,2.24,13.3,<0.005,5.3,0.01,6.56,0.57,bd,19.7,<0.05,0.28,9.46,<0.05,429.704,<0.05,<0.05,0.22,0.33,0.712125,9e-06,,<0.04,<0.04,<0.04,<0.08,<0.06,<0.0001,<0.0001,<0.0002,,,,88.75,1.021,0.007395833,1.905460718e-07,5.248074602e-08,0.275409272,0.724400192,0.000190537,0.005360223,268.0111687,3821.920623,14064.53399,4374.332441,6.0,302.8549107630203,0.0,
Sample_046,-80.29,40.34,HS,2024-07-16,08:00:00,spring,16.2,5.67,818.0,6.6,6.99,223,<5,0.147,88.7,43.7,0.0401606425702811,16.5,0.01,0.09,86.8,<0.005,3.47,22.9,<0.005,44.6,0.03,5.6,0.45,bd,8.47,<0.05,0.31,5.53,<0.05,347.697,<0.05,0.06,0.49,0.64,0.711821,1.1e-05,,<0.04,<0.04,<0.04,<0.08,<0.06,<0.0001,<0.0001,<0.0002,,,,66.39,0.158,0.0055325,2.511886432e-07,3.981071706e-08,0.333816207,0.666050898,0.000132895,0.003686186,184.3092848,899.5491181,2436.199765,5005.522299,4.0,2804.516021545283,56.73647486961064,
Sample_047,-80.28,40.34,HS,2024-07-16,09:00:00,well,13.0,1.36,717.0,6.55,7.04,192,<5,0.186,82.0,34.7,0.0273092369477911,10.6,0.01,0.05,66.8,<0.005,2.62,16.8,0.05,55.0,0.04,5.58,0.25,bd,5.58,<0.05,0.46,4.12,<0.05,210.757,<0.05,<0.05,0.14,0.49,0.712099,9e-06,,<0.04,<0.04,<0.04,<0.08,<0.06,0.0069,<0.0002,<0.0002,,,,60.17,0.053,0.005014167,2.818382931e-07,3.548133892e-08,0.359894037,0.639992155,0.000113808,0.003209922,160.4961141,797.5703176,2442.387858,5067.506682,4.0,2728.565143019382,3.839604549914083,
Sample_048,-80.29,40.34,HS,2024-07-16,10:00:00,well,14.8,3.76,591.0,7.12,7.24,296,<5,0.176,3.76,23.6,0.0208835341365461,1.52,0.01,0.12,50.5,<0.005,3.05,16.2,0.01,62.2,0.03,8.9,1.41,bd,14.0,<0.05,0.12,2.45,2.62,1097.794,<0.05,<0.05,0.07,<0.05,0.711587,1.2e-05,,<0.04,<0.04,<0.04,<0.08,<0.06,0.0015,<0.0001,<0.0002,,,,81.89,0.246,0.006824167,7.58577575e-08,1.318256739e-07,0.131383607,0.868042883,0.00057351,0.005931553,296.5776367,1169.464231,2489.704947,4805.915122,3.0,3047.693964881639,316.0070173653378,
Sample_049,-80.39,40.25,HS/I,2024-07-16,11:00:00,well,13.5,2.66,606.0,6.91,7.49,290,<5,0.098,8.96,50.4,0.0208835341365461,0.378,0.01,0.13,102.0,0.01,1.61,14.3,0.09,5.39,0.01,8.33,0.41,bd,8.22,<0.05,0.08,0.38,0.16,322.906,<0.05,<0.05,0.07,0.06,0.711802,1e-05,,<0.04,<0.04,<0.04,<0.08,<0.06,0.0003,<0.0002,<0.0002,,,,76.19,0.07,0.006349167,1.230268771e-07,8.128305162e-08,0.197026385,0.802646633,0.000326982,0.005100248,255.0123818,1761.52179,1793.154183,13392.82778,6.0,783.5816084661877,,
Sample_050,-80.37,40.23,I,2024-07-16,13:00:00,well,14.3,0.725,658.0,7.0,7.0,296,<5,0.11,15.4,42.1,0.0257028112449799,0.304,0.01,0.1,101.0,0.09,1.59,20.0,0.26,7.69,0.01,7.52,0.45,bd,8.85,<0.05,0.21,0.36,0.21,364.679,<0.05,<0.05,0.28,<0.05,0.711287,7e-06,,<0.04,<0.04,<0.04,<0.08,<0.06,0.0015,<0.0002,<0.0002,,,,81.53,0.246,0.006794167,1e-07,1e-07,0.166268061,0.833314293,0.000417646,0.005667351,283.3675656,3373.155094,1875.62438,12765.19371,2.0,398.2037373041228,,
Sample_051,-80.46,40.25,HS,2024-07-17,09:00:00,well,13.9,3.02,1022.0,6.9,7.4,320,8,0.073,96.0,63.8,0.0305220883534136,9.07,0.01,0.1,116.0,0.01,2.67,26.4,<0.005,67.1,0.01,5.11,0.56,bd,6.63,<0.05,1.23,3.36,<0.05,437.503,<0.05,<0.05,0.18,0.41,0.711354,1.1e-05,,<0.04,<0.04,<0.04,<0.08,<0.06,<0.0001,<0.0001,<0.0002,,,,92.85,0.123,0.0077375,1.258925412e-07,7.943282347e-08,0.200696151,0.798985767,0.000318082,0.006187028,309.3514116,691.2160397,5724.505272,13505.85061,5.0,52.41313433085784,150.7854280058729,
Sample_052,-80.4,40.29,C,2024-07-17,12:00:00,well,13.6,9.92,813.0,8.1,7.91,370,<5,0.999,30.3,24.4,0.0827309236947791,1.58,<0.01,0.07,8.35,<0.005,2.03,3.1,<0.005,191.0,0.04,4.2,0.27,bd,16.7,<0.05,0.24,0.29,1.94,232.323,<0.05,<0.05,0.06,<0.05,0.711756,8e-06,,<0.04,<0.04,<0.04,<0.08,<0.06,0.017,<0.0002,<0.0002,,,,95.95,0.528,0.007995833,7.943282347e-09,1.258925412e-06,0.015505356,0.97832185,0.006172794,0.007922463,396.1231349,5243.691011,5102.716329,10601.66646,4.0,1233.542260040228,,
Sample_053,-80.3,40.06,Extra,2024-07-17,14:00:00,well,13.6,0.321,987.0,8.87,8.86,441,<5,0.98,60.6,<0.06,0.3461847389558233,0.196,<0.01,0.21,1.48,<0.005,1.33,0.66,0.01,249.0,0.29,4.55,0.1,bd,10.3,<0.05,<0.05,0.07,1.14,85.883,<0.05,<0.05,<0.05,<0.05,0.712594,9e-06,,<0.04,<0.04,<0.04,<0.08,<0.06,>6,0.04,<0.0002,-63.5,-198.4,,108.49,0.123,0.009040833,1.348962883e-09,7.413102413e-06,0.0025884,0.961681736,0.035729864,0.009347872,467.3935772,14928.62016,6936.241155,4091.56336,2.0,108.8646692119359,,
Sample_054,-80.49,40.19,Extra,2024-07-17,17:00:00,well,17.2,6.13,620.0,7.04,7.02,227,<5,0.096,37.5,30.5,0.0273092369477911,5.78,0.01,0.14,87.1,<0.005,1.65,13.2,<0.005,23.5,0.02,4.84,0.41,bd,3.99,<0.05,0.25,14.1,<0.05,323.48,<0.05,<0.05,0.16,0.49,0.711965,9e-06,,<0.04,<0.04,<0.04,<0.08,<0.06,0.016,<0.0002,<0.0002,,,,65.34,0.141,0.005445,9.120108394e-08,1.096478196e-07,0.153883354,0.845651926,0.00046472,0.004609654,230.4826994,3209.524276,5927.362693,8748.164864,4.0,722.0893921708403,,
Sample_055,-80.46,39.99,Extra,2024-07-18,12:00:00,well,16.3,1.32,1792.0,7.61,7.83,668,12,1.84,178.0,13.6,1.0096385542168675,0.229,<0.01,0.14,5.55,0.01,1.84,1.5,0.03,459.0,0.04,3.23,0.26,bd,12.0,<0.05,0.37,0.85,1.24,223.679,<0.05,<0.05,0.07,0.07,0.712441,1e-05,,<0.04,<0.04,<0.04,<0.08,<0.06,13,0.24,0.0054,-64.31,-188.0,,184.73,1.584,0.015394167,2.454708916e-08,4.073802778e-07,0.04660035,0.951457024,0.001942626,0.014707081,735.3540528,23624.30072,22674.37775,8626.92501,6.0,5800.230696990197,0.0,
Sample_056,-80.42,40.28,Extra,2024-07-18,17:00:00,well,13.3,1.73,589.0,7.29,7.51,276,<5,0.064,8.17,23.8,0.0337349397590361,1.3,0.01,0.25,73.1,<0.005,1.99,31.4,<0.005,8.85,0.01,4.62,1.04,bd,6.98,<0.05,0.06,0.99,<0.05,814.263,<0.05,<0.05,<0.05,0.32,0.711498,6e-06,,<0.04,<0.04,<0.04,<0.08,<0.06,0.019,0.00033,<0.0002,,,,79.73,0.106,0.006644167,5.12861384e-08,1.9498446e-07,0.092747841,0.906366424,0.000885735,0.006033963,301.6981611,3852.114518,5577.322046,11739.15356,2.0,619.2671980779597,,
Sample_057,-80.3,40.31,HS/I,2024-07-19,11:00:00,well,13.0,0.999,615.0,6.88,7.41,224,<5,0.161,40.8,34.6,0.0329317269076305,3.41,0.01,0.13,74.4,<0.005,1.45,14.0,<0.005,31.7,0.01,4.93,0.39,bd,5.12,<0.05,0.14,1.93,0.17,298.014,<0.05,<0.05,0.3,0.54,0.7115,8e-06,,0.49,0.95,<0.04,<0.08,0.28,0.00088,<0.0002,<0.0002,,,,64.03,0.141,0.005335833,1.318256739e-07,7.58577575e-08,0.208188495,0.791510581,0.000300924,0.004226524,211.3261968,657.1243631,727.1876248,7628.552286,2.0,1053.311150080893,,
Sample_058,-80.47,40.25,HS,2024-07-19,13:00:00,spring,15.4,5.52,580.0,6.94,7.55,274,<5,0.094,1.45,42.3,0.0144578313253012,1.87,0.01,0.16,104.0,<0.005,1.07,11.2,<0.005,4.02,0.01,4.86,0.33,bd,4.85,<0.05,0.08,3.07,<0.05,264.954,<0.05,<0.05,0.08,0.48,0.711415,7e-06,,<0.04,<0.04,<0.04,<0.08,<0.06,0.00035,<0.0002,<0.0002,,,,76.91,0.229,0.006409167,1.148153621e-07,8.7096359e-08,0.186321617,0.813323355,0.000355029,0.005217248,260.8624045,1091.52708,6679.698226,13993.31266,4.0,178.2948700832224,0.0,
Sample_059,-80.27,40.33,HS,2024-08-12,11:20:00,well,13.8,9.13,447.6,6.92,7.16,201,<5,0.115,4.03,25.8,0.0400925212027756,5.15,0.01,0.11,61.2,<0.005,1.36,17.2,<0.005,5.4,0.02,5.42,0.41,bd,8.44,<0.05,0.22,4.91,0.42,375.87,<0.05,0.08,0.14,0.44,0.711306,6e-06,,<0.04,<0.04,<0.04,<0.08,<0.06,<0.0002,<0.0002,<0.0002,,,,56.36,0.088,0.004696667,1.202264435e-07,8.317637711e-08,0.19340745,0.806256446,0.000336104,0.003789838,189.4918929,1063.619549,2902.301055,6450.850392,4.0,1082.274410390736,82.19862781647156,
Sample_060,-80.27,40.33,HS,2024-08-12,12:45:00,well,13.8,0.62,526.0,7.41,7.59,232,<5,0.346,16.6,23.5,0.0501156515034695,0.74,0.01,0.23,45.3,<0.005,2.36,24.4,0.01,27.7,0.01,4.79,1.8,bd,14.6,<0.05,0.19,0.2,0.36,1612.15,<0.05,0.11,<0.05,<0.05,0.711616,6e-06,,<0.04,<0.04,<0.04,<0.08,<0.06,0.02,<0.0002,<0.0002,,,,61.93,0.035,0.005160833,3.89045145e-08,2.570395783e-07,0.071947149,0.926858826,0.001194025,0.004795906,239.7953195,813.6843395,2836.393041,6213.429822,5.0,1326.744462622665,260.5343893424702,
Sample_061,-80.36,40.28,Extra,2024-08-12,14:30:00,well,15.4,1.07,548.0,7.05,7.5,264,<5,0.135,2.23,32.4,0.0246723207401696,0.276,0.01,0.17,79.5,<0.005,2.07,17.4,0.04,10.9,0.02,7.25,1.07,bd,10.3,<0.05,0.22,3.08,0.48,979.71,<0.05,<0.05,0.16,<0.05,0.711747,6e-06,,<0.04,<0.04,<0.04,<0.08,<0.06,0.00045,<0.0002,<0.0002,,,,73.26,0.281,0.006105,8.912509381e-08,1.122018454e-07,0.150907508,0.848615281,0.000477211,0.005186646,259.3323058,5625.389346,3411.830347,12548.4467,4.0,247.3715163448925,,
Sample_062,-80.39,40.24,HS,2024-08-12,16:00:00,spring,18.1,8.68,539.0,7.36,7.3,240,<5,0.098,3.79,31.9,0.0246723207401696,6.62,0.01,0.1,101.0,<0.005,0.03,6.17,<0.005,3.4,0.02,4.07,0.24,bd,4.87,<0.05,0.12,<0.05,0.15,230.17,<0.05,<0.05,<0.05,0.54,0.711715,8e-06,,<0.04,<0.04,<0.04,<0.08,<0.06,<0.0002,<0.0002,<0.0002,,,,65.42,0.21,0.005451667,4.365158322e-08,2.290867653e-07,0.080033814,0.918911135,0.001055051,0.005021286,251.0643106,1516.13447,2248.170348,12562.34507,2.0,29.45836131214838,,
Sample_063,-80.35,40.28,Extra,2024-08-13,09:30:00,well,12.0,0.409,536.0,6.87,7.24,244,<5,0.129,4.02,41.5,0.0292983808789514,0.118,0.01,0.15,81.7,0.5,1.18,17.2,0.19,4.98,0.02,6.59,0.49,bd,9.8,<0.05,0.11,<0.05,0.13,452.65,<0.05,<0.05,0.14,<0.05,0.711821,6e-06,,<0.04,<0.04,<0.04,<0.08,<0.06,0.0014,<0.0002,<0.0002,,,,68.51,0.018,0.005709167,1.348962883e-07,7.413102413e-08,0.212011167,0.787696176,0.000292657,0.00450037,225.018482,4923.022277,3253.482284,12959.5611,5.0,659.0333415477279,,
Sample_064,-80.35,40.28,Extra,2024-08-13,11:00:00,well,13.3,9.17,525.0,7.18,7.39,247,<5,0.054,1.12,29.2,0.0254433307632999,8.38,0.01,0.14,95.4,<0.005,0.91,11.0,<0.005,2.04,0.02,5.09,0.26,bd,3.32,<0.05,0.34,4.26,<0.05,252.88,<0.05,<0.05,<0.05,0.26,0.711478,7e-06,,<0.04,<0.04,0.1,<0.08,<0.06,0.00085,<0.0002,<0.0002,,,,67.17,0.123,0.0055975,6.60693448e-08,1.513561248e-07,0.116393702,0.882936522,0.000669776,0.004949821,247.4910305,4574.389916,3359.952051,12842.28124,5.0,849.2491355791459,,
Sample_065,-80.42,40.22,HS/I,2024-08-13,13:15:00,spring,21.4,0.587,620.0,7.02,7.54,304,<5,0.066,11.4,29.7,0.0354664610639938,7.47,0.02,0.17,127.0,<0.005,1.47,7.85,<0.005,5.26,0.02,5.52,0.28,bd,6.9,<0.05,0.34,4.9,0.12,271.91,<0.05,<0.05,0.39,0.94,0.711667,7e-06,,<0.04,<0.04,<0.04,<0.08,<0.06,<0.0002,<0.0002,<0.0003,,,,85.54,0.333,0.007128333,9.54992586e-08,1.047128548e-07,0.159978785,0.839580597,0.000440618,0.005991101,299.5550658,504.0010228,1814.130068,10276.45176,6.0,2106.216916675378,,
Sample_066,-80.28,40.34,HS,2024-08-13,15:00:00,well,15.3,1.83,2392.0,6.63,6.92,322,<5,0.11,568.0,71.6,0.1241326137239784,3.34,0.01,0.14,219.0,0.01,3.59,37.1,<0.005,193.0,0.02,5.96,1.33,bd,18.1,<0.05,1.21,13.2,0.24,1302.45,<0.05,<0.05,0.56,0.68,0.711433,8e-06,,<0.04,<0.04,<0.04,<0.08,<0.06,<0.0001,<0.0001,<0.0002,,,,76.14,0.386,0.006345,2.344228815e-07,4.265795188e-08,0.318631752,0.681222606,0.000145643,0.004324014,216.2006937,918.7072848,2965.891574,4601.60802,4.0,2947.119256933481,0.0,
Sample_067,-80.28,40.34,HS,2024-08-13,16:30:00,well,15.2,2.14,842.0,7.09,7.39,264,<5,0.116,79.3,56.8,0.0316114109483423,1.29,0.01,0.1,126.0,<0.005,2.03,21.3,0.01,12.6,0.02,4.87,0.48,bd,13.1,<0.05,0.55,3.36,0.11,447.99,<0.05,<0.05,0.24,0.42,0.711286,6e-06,,<0.04,<0.04,<0.04,<0.08,<0.06,<0.0001,<0.0002,<0.0002,,,,73.02,0.035,0.006085,8.128305162e-08,1.230268771e-07,0.13947484,0.859994892,0.000530269,0.005239564,261.9782014,1016.83808,2902.683634,4571.516422,5.0,3026.322207507466,10.60422894963129,
Sample_068,-80.35,40.31,Extra,2024-08-14,09:00:00,well,13.6,0.828,1121.0,6.48,6.95,171.70000000000002,<5,0.114,217.0,38,0.07710100231303,0.597,0.01,0.15,136.0,0.06,2.07,25.8,0.07,31.5,0.01,5.81,0.54,bd,11.5,<0.05,0.52,2.33,0.1,544.42,<0.05,<0.05,0.19,0.25,0.711589,8e-06,,<0.04,<0.04,<0.04,<0.08,<0.06,0.0066,<0.0002,<0.0002,,,,52.14,0.438,0.004345,3.311311215e-07,3.01995172e-08,0.397805651,0.602103217,9.113200973e-05,0.002616629,130.8314742,3771.13207,3929.700532,9413.939202,4.0,28.5236073095921,,
Sample_069,-80.36,40.31,C,2024-08-14,10:30:00,well,13.1,7.57,554.0,7.14,7.6,277.2,,0.115,4.83,21.1,0.0239013107170393,1.9,0.01,0.17,92.3,<0.005,1.46,9.92,0.01,12.7,0.02,4.77,0.51,bd,7.59,<0.05,0.54,5.61,<0.05,479.33,<0.05,<0.05,<0.05,0.26,0.711478,8e-06,,<0.04,<0.04,<0.04,<0.08,<0.06,<0.0001,<0.0001,<0.0002,,,,74.09,0.228,0.006174167,7.244359601e-08,1.380384265e-07,0.126213288,0.873182617,0.000604095,0.0053987,269.9350083,5044.635854,5120.163149,9483.927123,2.0,945.3552409778856,,
Sample_070,-80.36,40.32,C,2024-08-14,11:30:00,spring,18.9,9.06,553.0,7.37,7.74,270,,0.101,6.64,20.7,0.0223592906707787,1.31,0.01,0.15,98.4,<0.005,0.98,10.8,<0.005,3.48,0.03,4.26,0.32,bd,3.72,<0.05,0.16,1.82,<0.05,306.21,<0.05,<0.05,<0.05,0.27,0.711335,8e-06,,<0.04,<0.04,<0.04,<0.08,<0.06,<0.0002,<0.0002,<0.0002,,,,70.54,0.053,0.005878333,4.265795188e-08,2.344228815e-07,0.078352839,0.920565591,0.00108157,0.005424299,271.2149412,5012.396604,5073.02265,9452.532657,1.0,879.8439405555652,,
Sample_071,-80.42,40.22,HS/I,2024-08-14,13:15:00,well,14.3,0.398,809.0,7.36,7.63,404,,1.4,8.54,26.8,0.0593677717810331,6.23,0.01,0.18,40.9,<0.005,3.26,10.3,0.01,138.0,0.03,5.23,0.61,bd,13.1,<0.05,0.29,2.53,0.18,583.02,<0.05,<0.05,0.35,0.19,0.711666,8e-06,,<0.04,<0.04,<0.04,<0.08,<0.06,0.0041,<0.0002,<0.0002,,,,106.74,0.403,0.008895,4.365158322e-08,2.290867653e-07,0.080033814,0.918911135,0.001055051,0.008192669,409.6334669,589.1525363,1231.733047,9772.416767,4.0,1526.118683904431,,
Sample_072,-80.42,40.22,HS/I,2024-08-14,14:30:00,spring,15.3,8.49,672.0,7.87,7.84,294,,0.076,11.0,41,0.0331534309946029,26.8,0.01,0.15,117.0,<0.005,2.47,17.6,<0.005,9.64,0.04,4.93,0.39,bd,4.86,<0.05,0.23,0.11,0.18,364.02,<0.05,<0.05,<0.05,0.53,0.71134,8e-06,,<0.04,<0.04,<0.04,<0.08,<0.06,<0.0002,<0.0002,<0.0003,,,,78.03,0.035,0.0065025,1.348962883e-08,7.413102413e-07,0.026115415,0.970279655,0.003604931,0.006356853,317.84267,589.1525363,1231.733047,9772.416767,4.0,1526.118683904431,,
Sample_073,-80.36,40.31,C,2024-08-14,17:00:00,well,13.2,0.345,590.0,6.67,7.17,260,<5,0.086,6.49,45.3,0.0285273708558211,0.179,0.01,0.1,107.0,<0.005,0.95,10.3,0.02,3.62,0.02,4.66,0.4,bd,7.66,<0.05,0.43,<0.05,<0.05,388.59,<0.05,<0.05,<0.05,0.22,0.711574,6e-06,,<0.04,<0.04,<0.04,<0.08,<0.06,0.0003,<0.0002,<0.0002,,,,79.27,0.245,0.006605833,2.13796209e-07,4.677351413e-08,0.298973473,0.700862229,0.000164298,0.004631783,231.5891353,5257.694582,5355.398192,9443.601523,5.0,1193.326843968181,,
Sample_074,-80.34,40.3,Extra,2024-08-15,09:00:00,well,12.8,5.98,426.7,6.68,7.58,196,7,0.178,2.72,31.7,0.0277563608326908,2.31,0.02,0.11,69.4,<0.005,1.26,10.6,<0.005,4.26,0.01,6.82,0.24,bd,11.5,<0.05,0.16,3.85,0.29,235.09,<0.05,<0.05,<0.05,0.28,0.711522,6e-06,,<0.04,<0.04,<0.04,<0.08,<0.06,0.00042,<0.0002,<0.0002,,,,53.98,0.281,0.004498333,2.089296131e-07,4.786300923e-08,0.294168836,0.705661888,0.000169276,0.003175664,158.7832124,3071.148463,3553.887289,9828.503719,4.0,202.9293502909491,851.2008831811498,
Sample_075,-80.4,40.23,HS,2024-08-15,11:00:00,spring,18.2,6.49,691.0,6.88,7.22,324,<5,0.094,5.0,33,0.0239013107170393,11.5,0.01,0.16,129.0,<0.005,2.73,11.2,<0.005,5.24,0.03,5.05,0.38,bd,4.79,<0.05,0.35,4.62,0.13,360.28,<0.05,<0.05,0.11,0.59,0.711517,7e-06,,<0.04,<0.04,<0.04,<0.08,<0.06,0.0028,<0.0001,<0.0002,,,,92.95,0.018,0.007745833,1.318256739e-07,7.58577575e-08,0.208188495,0.791510581,0.000300924,0.006135515,306.7757445,1098.946334,3303.558073,11545.50799,4.0,1112.144014770462,,
Sample_076,-80.34,40.31,Extra,2024-08-15,13:00:00,well,15.2,1.67,666.0,6.69,7.28,223,<5,0.195,51.1,32.8,0.0501156515034695,2.24,0.01,0.17,86.7,<0.005,2.03,14.9,<0.005,25.7,0.02,5.66,0.45,bd,13.5,<0.05,1.47,5.25,<0.05,436.29,<0.05,<0.05,0.77,0.48,0.71169,9e-06,,<0.04,<0.04,<0.04,<0.08,<0.06,<0.0002,<0.0002,<0.0003,,,,67.73,0.21,0.005644167,2.041737945e-07,4.897788194e-08,0.28940951,0.710416104,0.000174386,0.00401152,200.5760115,2991.064351,3396.709552,9574.119282,4.0,25.90582646585288,919.7253997802218,
Sample_077,-80.46,40.22,HS,2024-08-15,15:45:00,well,14.4,4.02,1354.0,6.37,6.62,175,<5,0.131,286.0,53.2,0.0732459521973785,0.191,0.02,0.05,177.0,0.06,2.66,13.7,0.41,60.6,0.01,7.15,0.5,bd,34.5,<0.05,1.14,1.9,<0.05,475.11,<0.05,<0.05,<0.05,<0.05,0.711652,9e-06,,<0.04,<0.04,<0.04,<0.08,<0.06,0.0003,<0.0002,<0.0002,,,,58.56,0.316,0.00488,4.265795188e-07,2.344228815e-08,0.459762591,0.540173944,6.346490461e-05,0.002636265,131.8132564,783.3251927,3971.173066,10956.97484,5.0,19.12887125648092,,
Sample_078,-80.46,40.22,HS,2024-08-15,17:00:00,well,17.8,1.09,967.0,6.91,7.18,208,<5,0.072,159.0,26.2,0.0439475713184271,2.47,0.01,0.19,133.0,<0.005,2.66,27.7,0.03,10.4,0.01,5.38,0.39,bd,12.2,<0.05,0.37,5.85,<0.05,370.02,<0.05,<0.05,0.11,0.47,0.71218,6e-06,,<0.04,<0.04,<0.04,<0.08,<0.06,0.0003,<0.0002,<0.0002,,,,59.96,0.14,0.004996667,1.230268771e-07,8.128305162e-08,0.197026385,0.802646633,0.000326982,0.004013784,200.6891788,626.0040743,3873.018222,10800.74643,6.0,86.5371477422268,,
Sample_079,-80.32,40.33,HS/I,2024-08-16,09:00:00,well,12.8,0.707,658.0,7.2,7.5,309,<5,0.32,17.2,23,0.0408635312259059,0.327,0.01,0.19,50.1,<0.005,2.08,10.4,<0.005,85.9,0.02,5.44,0.94,bd,13.9,<0.05,0.14,2.01,0.27,889.83,<0.05,<0.05,0.14,0.19,0.711548,7e-06,,<0.04,<0.04,<0.04,<0.08,<0.06,0.02,<0.0002,<0.0002,,,,84.49,1.227,0.007040833,6.309573445e-08,1.584893192e-07,0.111736938,0.887558049,0.000705012,0.006259171,312.9585721,1709.499297,1714.696848,6671.218973,4.0,2840.997464973573,,
Sample_080,-80.33,40.28,Extra,2024-08-16,11:00:00,well,19.8,8.22,677.0,7.05,7.14,244,<5,0.09,2.86,115,0.0254433307632999,0.299,0.01,0.07,134.0,<0.005,1.48,7.75,<0.005,2.89,0.01,4.21,0.35,bd,11.1,<0.05,0.65,2.97,0.1,331.62,<0.05,<0.05,0.3,0.35,0.711512,5e-06,,<0.04,<0.04,<0.04,<0.08,<0.06,<0.0002,<0.0002,<0.0002,,,,69.25,0.701,0.005770833,8.912509381e-08,1.122018454e-07,0.150907508,0.848615281,0.000477211,0.004902748,245.137412,3044.598013,4480.479736,11999.63339,6.0,225.0019364901689,,
Sample_081,-80.17,40.21,S,2024-09-16,11:15:00,well,14.2,4.24,728.0,6.76,6.89,305,11,0.129,20.5,55.9,0.0315533980582524,1.51,0.01,0.18,106.0,<0.005,1.43,20.5,0.01,14.2,0.02,5.67,0.79,,7.08,<0.05,0.54,22.2,0.13,635.87,<0.05,<0.05,0.14,0.23,,,,<0.04,<0.04,<0.04,<0.08,<0.06,0.0058,<0.0002,<0.0002,,,,89.61,0.46,0.0074675,1.737800829e-07,5.754399373e-08,0.257409317,0.742376579,0.000214104,0.005546779,277.3389255,8385.757069,8160.428689,1954.969634,2.0,1352.842618389873,0.0,
Sample_082,-79.96,40.14,S,2024-09-16,13:00:00,well,14.4,1.06,3485.0,7.43,7.77,541,<5,3.52,697.0,9.68,5.8128514056224905,1.78,<0.01,2.05,19.5,<0.005,5.22,9.96,<0.005,622.0,0.02,3.48,2.1,,61.9,<0.05,0.17,4.43,<0.05,1632.32,<0.05,<0.05,0.13,<0.05,,,,<0.04,<0.04,<0.04,<0.08,<0.06,0.14,0,<0.0002,,,,147.67,0.566,0.012305833,3.715352291e-08,2.691534804e-07,0.068928316,0.929817395,0.001254289,0.01147328,573.664002,11098.43661,21563.57089,2422.401229,1.0,1298.670715281142,0.0,393.6237580945696
Sample_083,-80.41,40.11,S,2024-09-16,15:00:00,well,17.6,6.75,621.0,7.23,7.62,183,<5,0.287,23.8,110,0.0590614886731391,6.36,<0.01,0.09,73.7,<0.005,2.21,10.4,<0.005,33.1,0.07,3.42,0.27,,4.35,<0.05,0.37,2.08,0.12,204.47,<0.05,<0.05,0.12,0.4,,,,0.06,0.1,<0.04,<0.08,0.08,0.00029,<0.0001,<0.0002,,,,45.25,0.071,0.003770833,5.888436554e-08,1.698243652e-07,0.105057193,0.894181735,0.000761072,0.003377661,168.8830491,10952.76109,10971.31468,2824.575755,5.0,888.6189889555626,,
Sample_084,-80.12,40.2,S,2024-09-16,17:00:00,well,13.5,0.416,686.0,7.08,7.32,272,<5,0.242,21.5,72.1,0.0315533980582524,0.038,<0.01,0.05,83.3,<0.005,2.19,28.5,0.06,14.7,0.02,5.9,0.55,,11.4,<0.05,0.32,1.56,0.12,462.21,<0.05,<0.05,0.11,0.35,,,,<0.04,<0.04,<0.04,<0.08,<0.06,0.0004,<0.0002,<0.0002,,,,76.0,0.389,0.006333333,8.317637711e-08,1.202264435e-07,0.142263161,0.857220313,0.000516526,0.005435642,271.7820849,5910.536847,11478.09385,2820.231791,4.0,566.9513633221537,0.0,
Sample_086,-80.3,40.05,S,2024-09-17,09:00:00,well,13.5,0.331,1615.0,8.97,9.08,527,63,1.43,170.0,1.1,0.1253012048192771,0.116,<0.01,0.14,0.67,<0.005,1.16,0.31,<0.005,331.0,0.07,3.47,0.1,,6.4,<0.05,0.15,3.89,<0.05,87.34,<0.05,<0.05,<0.05,<0.05,,,,<0.04,<0.04,<0.04,<0.08,<0.06,57,0.58,<0.0002,-65.2,-219.3,,129.4,1.345,0.010783333,1.071519305e-09,9.332543008e-06,0.002038267,0.9533693,0.044592432,0.011251541,562.5770275,15746.36363,8070.241876,2975.306196,4.0,240.1539923710536,,
Sample_087,-80.25,40.03,S,2024-09-17,11:15:00,well,17.0,0.367,563.0,7.05,7.45,256,<5,0.088,26.4,9.34,0.0152610441767068,0.103,<0.01,0.81,78.4,0.86,1.73,9.88,0.2,18.9,0.06,8.46,0.61,,3.07,<0.05,0.1,<0.05,1.78,501.65,<0.05,<0.05,<0.05,<0.05,,,,<0.04,<0.04,<0.04,<0.08,<0.06,1.5,0.0011,<0.0002,-65.87,-153.9,,68.87,0.018,0.005739167,8.912509381e-08,1.122018454e-07,0.150907508,0.848615281,0.000477211,0.004875845,243.79226,12682.87558,7329.511904,2768.171526,2.0,35.17548511070559,,899.4059657019825
Sample_090,-80.18,40.08,S,2024-09-17,17:00:00,well,14.8,0.455,551.0,6.05,6.42,88,<5,0.082,80.7,47.8,0.0337349397590361,0.87,<0.01,0.07,36.2,0.02,7.01,8.43,0.09,47.3,0.01,6.27,0.25,,5.36,<0.05,2.19,2.88,<0.05,209.75,<0.05,<0.05,0.14,<0.05,,,,<0.04,<0.04,<0.04,<0.08,<0.06,0.0031,<0.0002,<0.0002,,,,37.75,0.39,0.003145833,8.912509381e-07,1.122018454e-08,0.640052045,0.359927715,2.024022282e-05,0.00113152,56.57599588,4414.79571,4491.557226,2592.088597,2.0,1228.090063327217,,
Sample_091,-80.08,39.81,S,2024-09-18,09:15:00,well + rain,18.0,0.54,25.3,5.86,6.26,10,75,0.004,0.171,0.406,,0.238,<0.01,0.01,1.89,1.75,0.31,0.24,0.02,0.06,0.08,0.17,0.01,,0.16,<0.05,0.34,17.1,0.22,7.48,<0.05,<0.05,2.9,<0.05,,,,,,,,,,,,,,,5.09,0.02,0.000424167,1.380384265e-06,7.244359601e-09,0.733626607,0.266363722,9.671082188e-06,0.000111618,5.580883814,31848.63989,33732.13905,1108.939767,4.0,950.6202450232184,,
Sample_092,-80.31,40.29,HS,2024-11-20,13:30:00,well,12.9,9.2,1056.0,6.88,7.15,251,<5,0.17,122.0,82.5,0.0554216867469879,0.44,0.01,0.04,138.0,<0.005,2.84,32.9,<0.005,12.7,0.01,9.4,0.78,,38.03,<0.05,0.26,5.25,0.56,,<0.05,<0.05,0.1,0.18,,,,,,,,,0.041,0.0093,0.0031,,,,,,,,,,,,,,833.9869833,2915.8719,10001.2577,4.0,506.4529480671798,44.65176018239656,699.4335130787924
Sample_093,-80.29,39.76,S,2024-11-21,09:00:00,well,12.5,3.69,550.0,6.96,6.94,225,,0.082,4.06,27.7,0.033,1.48,<0.01,0.14,38.2,0.02,2.33,10.1,0.04,44.5,0.02,4.32,0.78,,8.38,<0.05,0.72,2.22,0.18,,<0.05,<0.05,0.28,0.66,,,,0.216960613,1.561526495,0.259107863,0.953895657,0.46380578,0.2,0.00082,0.00044,,,,,,,,,,,,,,40020.88102,37439.607,512.4001848,4.0,5339.040701268111,0.0,
Sample_094,-80.29,39.76,S,2024-11-21,11:00:00,well,13.3,6.75,431.0,6.73,6.74,156,,0.115,6.19,28.9,0.029718875502008,10.7,<0.01,0.1,55.5,<0.005,2.6,11.2,<0.005,15.3,0.02,5.05,0.39,,5.03,<0.05,0.35,5.38,0.2,,<0.05,<0.05,0.27,0.4,,,,<0.04,<0.04,<0.04,<0.08,<0.06,0.0091,0.0002,<0.0001,,,,,,,,,,,,,,40066.57086,37466.5934,576.7133577,1.0,5437.402042238157,39.14421357558633,
Sample_003-2,-80.09,40.12,HS/S,2024-05-06,15:45:00,stream,17.9,9.85,449.8,7.89,8.01,,<5,0.082,7.42,49.9,,0.21,0.01,0.08,62.8,<0.005,2.14,13.4,0.1,10.9,0.02,2.82,0.33,,3.32,<0.05,0.5,0.51,0.33,314.02232501857645,<0.05,<0.05,<0.05,0.49,,,,,,,,,,,,,,,,,,,,,,,,,,,,,,,
Sample_085,-80.08,39.81,S,2024-09-16,19:00:00,stream,20.0,12.2,882.0,8.52,8.43,203,<5,0.4,52.7,164,0.2080321285140562,0.051,0.01,0.06,50.0,0.01,4.74,15.0,0.05,106.0,0.03,0.86,0.4,,3.74,<0.05,0.78,0.45,0.68,359.15,<0.05,<0.05,<0.05,0.56,,,,,,,,,,,,,,,49.96,0.018,0.0041633333333333,3.019951720402015e-09,3.3113112148259124e-06,0.0058923033276304,0.9778789457186348,0.0162287509537348,0.0042096757015464,210.48378507732264,,,,,,,
Sample_088,-80.07,39.83,S,2024-09-17,13:00:00,stream,20.4,9.38,509.0,8.06,8.09,177,<5,0.172,17.6,57.2,0.0305220883534136,<0.03,<0.01,0.09,38.4,0.02,5.33,10.7,0.03,47.7,0.02,0.83,0.26,,1.22,<0.05,0.96,0.63,0.8,231.78,<0.05,<0.05,<0.05,0.98,,,,,,,,,,,,,,,45.33,0.265,0.0037775,8.709635899560797e-09,1.148153621496884e-06,0.016985101984233,0.9773906021472316,0.0056242958685352,0.0037357239988835,186.78619994417744,,,,,,,
Sample_089,-80.08,39.8,S,2024-09-17,15:00:00,stream,,,,,7.64,199,<5,0.126,103.0,52.1,0.0449799196787148,0.032,<0.01,0.08,63.5,0.02,4.62,15.0,0.25,66.1,0.08,3.67,0.24,,0.61,<0.05,0.6,0.25,0.45,145.21,<0.05,<0.05,<0.05,0.38,,,,,,,,,,,,,,,49.64,0.0,0.0041366666666666,2.2908676527677693e-08,4.365158322401667e-07,0.043619589765195,0.954292645407166,0.002087764827639,0.0039652769579973,198.26384789986784,,,,,,,
