Site ID,Source,Sample Group,Date,DO,SC,Field pH,Lab pH,Alkalinity,Gas Rover Reading,F,Cl,SO4,Br,NO3,Al,Ba,Ca,Fe,K,Mg,Mn,Na,P,Si,Sr,Ti,Li,Be,Ni,Cu,As,Cd,Tl,Pb,U,87Sr/86Sr,Benzene,Toluene,Ethylbenzene,"m,p-Xylene",o-Xylene,Xylene(total),Methane,Ethane,Propane,δ13C1(‰),δDC1(‰),δ13C2(‰),Near_Road_DIST,NEAR_UOG_DIST,Impoundment_DIST,Recent_Spill_DIST,NEAR_MINE_DIST,NEAR_COG_DIST,TPI300
Sample_001,well,Extra,2024-05-06,8.31,1011.0,8.99,8.73,,18.0,1.26,4.79,13.3,0.0339805825242718,2.62,0.01,0.07,3.35,0.005,1.22,1.71,0.005,267.0,0.21,4.77,0.11,,15.4,0.05,0.92,3.79,0.67,0.05,1.54,1.46,0.05,0.712398,0.14,0.72,0.13,0.15,0.12,0.27,0.0012,0.0002,0.0003,,,,689.6339848793846,2176.241879,11113.03163,4564.651258,0.0,,4
Sample_002,well,I,2024-05-06,2.06,608.0,7.05,7.35,,5.0,0.123,28.4,21.8,0.1868932038834951,0.75,0.01,0.06,89.5,0.005,1.96,18.6,0.005,7.99,0.02,6.16,0.46,,14.4,0.05,0.22,5.41,0.18,0.05,0.17,1.29,0.64,0.711234,,,,,,,0.0002,0.0002,0.0003,,,,828.2623455256291,6613.129281,232.8121011,11379.67005,0.0,,2
Sample_003,spring,HS/S,2024-05-06,6.88,501.0,7.09,7.22,,10.0,0.102,12.5,25.3,0.0226537216828478,2.18,0.01,0.16,72.4,0.005,1.42,18.6,0.01,6.39,0.02,5.26,0.4,,9.02,0.05,0.35,0.61,0.17,0.05,0.05,0.08,0.26,0.712074,0.16,0.23,0.13,0.21,0.13,0.3399999999999999,0.00062,0.0002,0.0003,,,,1680.192842055368,497.9884396,10700.94677,406.5711712,0.0,645.0419016786365,4
Sample_004,well,Extra,2024-05-07,9.07,530.0,7.41,7.61,,5.0,0.106,18.1,32.1,0.1213592233009708,6.69,0.01,0.12,55.0,0.005,1.46,23.4,0.005,18.0,0.02,4.43,0.63,,9.13,0.05,0.21,2.47,0.12,0.05,0.14,0.65,0.63,0.71143,0.12,0.14,0.04,0.12,0.09,0.21,0.0002,0.0002,0.0003,,,,231.1165626448739,2991.209164,5783.635955,5476.030625,2.650470133512756,,5
Sample_005,well,HS/I,2024-05-08,1.14,957.0,7.03,7.41,,5.0,0.152,128.0,18.2,0.0679611650485437,1.34,0.01,0.24,78.1,0.01,2.02,31.1,0.01,65.4,0.01,5.83,2.14,,12.3,0.05,0.18,1.24,0.07,0.05,0.15,0.15,0.07,0.711645,0.04,0.1,0.04,0.11,0.09,0.2,0.0018,0.0002,0.0003,,,,1370.442127596154,776.9934578,937.3510603,7869.230059,,,4
Sample_006,well,Extra,2024-05-08,7.62,612.0,6.75,7.41,,5.0,0.141,14.2,80.7,0.0307443365695792,4.69,0.01,0.06,85.3,0.005,1.87,20.5,0.005,6.8,0.02,7.53,0.32,,31.7,0.05,0.47,2.26,0.06,0.05,0.05,0.08,0.12,0.711622,,,,,,,0.0002,0.0002,0.0003,,,,66.14583749,2792.941038,9739.385046,15861.07921,,,5
Sample_007,spring,Extra,2024-05-07,8.1,598.0,7.14,7.06,,13.0,0.105,15.5,30.6,0.1019417475728155,6.66,0.01,0.11,75.0,0.005,1.55,23.5,0.005,13.5,0.02,4.7,0.55,,7.95,0.05,0.05,0.14,0.05,0.05,0.05,0.05,0.57,0.711333,,,,,,,0.0002,0.0002,0.0003,,,,345.2839509518489,2852.927538,5641.387552,5486.446355,0.0,,2
Sample_008,well,Extra,2024-05-07,8.69,623.0,7.13,7.25,,15.0,0.082,12.6,41.5,0.0347896440129449,7.08,0.02,0.08,95.8,0.005,1.59,15.4,0.005,8.97,0.01,6.97,0.44,,10.1,0.05,0.24,9.83,0.09,0.05,0.05,0.73,0.39,0.712277,,,,,,,0.0002,0.0002,0.0003,,,,424.0191879454324,14045.87314,5745.463917,6287.954908,666.1196299710862,,5
Sample_009,well,Extra,2024-05-07,5.04,674.0,7.13,7.3,,5.0,0.095,49.6,56.3,0.0370981038746908,4.05,0.02,0.05,88.3,0.005,1.71,16.3,0.005,19.7,0.02,5.82,0.23,,6.24,0.05,0.19,4.15,0.06,0.05,0.05,0.42,0.22,0.712263,,,,,,,0.0002,0.0002,0.0003,,,,73.62622787528518,11557.16731,8467.839608,9877.287932,0.0,,6
Sample_010,well,HS/I,2024-05-08,1.01,605.0,7.5,7.74,,5.0,0.269,51.8,17.1,0.0931574608408903,3.99,0.01,0.24,45.3,0.005,2.29,19.4,0.005,45.1,0.02,4.44,1.06,,11.6,0.05,0.2,1.16,0.11,0.05,0.05,0.2,0.16,0.711516,0.04,0.04,0.04,0.08,0.06,0.14,0.0053,0.0002,0.0003,,,,1612.407479001258,906.9472298,911.9180324,7699.419003,,,2
Sample_011,well,I,2024-06-28,9.81,566.0,7.29,7.55,279.0,5.0,0.103,3.82,42.6,0.0202265372168284,0.431,0.01,0.07,96.4,0.04,1.76,13.1,0.06,20.6,0.01,5.8,0.54,,10.2,0.05,0.27,0.14,0.05,0.05,0.05,0.65,0.2,0.711692,0.04,0.04,0.04,0.08,0.06,0.14,0.00043,0.0002,0.0002,,,,299.9917083141992,5053.965005,651.0051958,10519.61384,,,5
Sample_012,well,C,2024-05-28,0.656,468.9,7.17,7.57,189.0,16.0,0.184,8.64,48.7,0.0299352750809061,0.147,0.01,0.08,60.1,0.005,1.17,16.6,0.06,8.8,0.03,8.96,0.35,,10.6,0.05,0.3,3.8,3.43,0.05,0.38,0.36,0.14,0.711494,0.14,0.18,0.11,0.15,0.1,0.25,0.00077,0.0002,0.0002,,,,1096.506566829128,5545.500302,6267.803782,8916.900074,37.75002998556928,526.3553536519884,4
Sample_013,well,Extra,2024-05-28,0.278,1103.0,8.65,8.73,461.0,13.0,1.39,70.0,12.4,0.065952184666117,0.067,0.01,0.36,3.73,0.005,1.05,1.21,0.01,232.0,0.05,4.18,0.22,,15.5,0.05,0.05,0.05,0.08,0.05,0.49,0.05,0.05,0.712443,0.13,0.11,0.04,0.12,0.06,0.18,9.4,0.097,0.0002,-70.18,-194.7,,214.8632009649143,2179.393989,7960.680242,5401.126163,0.0,,4
Sample_013-2,spring,Extra,2024-05-28,6.0,630.0,6.88,7.05,249.0,5.0,0.073,9.15,60.0,0.0202265372168284,3.27,0.01,0.13,93.6,0.005,1.56,14.8,0.01,12.0,0.03,6.23,0.43,,7.44,0.05,0.42,0.19,0.17,0.05,0.08,0.05,0.4,0.712343,0.04,0.11,0.04,0.08,0.06,0.14,,,,,,,1590.240485448337,2439.87333,7665.27243,5585.719395,0.0,,1
Sample_013-3,well,HS/S,2023-05-28,5.05,495.3,6.85,7.47,233.0,16.0,0.07,3.55,26.2,0.0242718446601941,7.06,0.01,0.17,73.1,0.005,1.2,12.9,0.005,4.77,0.03,4.86,0.26,,6.55,0.05,0.25,23.2,0.07,0.05,0.06,0.28,0.67,0.71144,0.13,0.17,0.11,0.14,0.1,0.24,0.014,0.0002,0.0002,,,,1876.164304065313,1544.007593,9494.400929,1728.722508,0.0,,4
Sample_014,well,I,2024-05-29,1.94,757.0,6.68,7.09,324.0,5.0,0.057,17.6,41.8,0.0218446601941747,15.4,0.01,0.12,127.0,0.005,0.92,12.3,0.005,6.66,0.02,5.42,0.47,,10.2,0.05,0.27,0.66,0.05,0.05,0.05,0.05,0.39,0.711255,0.14,0.21,0.11,0.14,0.1,0.24,0.0001,0.0002,0.0002,,,,745.0839323896499,4503.675091,489.7096854,10496.52715,,,5
Sample_015,well,I,2024-05-29,5.13,682.0,6.27,6.76,178.0,5.0,0.09,6.52,195.0,0.0283171521035598,0.115,0.01,0.06,121.0,0.005,0.93,4.51,0.03,6.13,0.02,5.35,0.28,,17.9,0.05,1.0,3.43,0.05,0.05,0.05,0.32,0.17,0.711511,0.04,0.13,0.11,0.12,0.09,0.21,0.0001,0.0001,0.0002,,,,634.9878556981731,4936.972046,1617.867987,11630.85185,,,6
Sample_016,spring,Extra,2024-05-29,7.51,247.8,6.58,6.88,107.0,5.0,0.052,0.684,16.2,0.023462783171521,0.219,0.01,0.05,39.7,0.01,0.51,3.79,0.04,2.52,0.02,3.84,0.11,,0.27,0.05,0.14,0.59,0.14,0.05,0.05,0.05,0.13,0.712394,0.04,0.11,0.04,0.12,0.06,0.18,0.0017,0.0002,0.0002,,,,4605.942961328929,16809.61976,17098.74398,8567.538754,,,1
Sample_017,well,C,2024-05-29,0.345,970.0,6.93,7.53,309.0,132.0,0.224,108.0,0.077,0.2621359223300971,1.1,0.01,1.03,108.0,2.12,2.23,19.6,0.15,42.0,0.17,7.19,1.12,,5.29,0.05,0.33,0.07,3.58,0.05,0.11,0.05,0.05,0.711925,0.04,0.11,0.11,0.12,0.06,0.18,13.0,0.44,0.0004,-51.5,-174.7,-35.2,83.19296103860805,5971.022312,5223.483709,5351.955976,,,4
Sample_018,spring,Extra,2024-05-29,8.3,540.0,7.34,7.38,199.0,5.0,0.084,14.4,30.6,0.0266990291262135,27.8,0.01,0.06,76.3,0.005,1.18,16.2,0.005,4.13,0.02,4.28,0.21,,4.43,0.05,0.06,0.27,0.05,0.05,0.05,0.05,0.93,0.71203,0.04,0.11,0.1,0.11,0.08,0.19,0.00063,0.0002,0.0002,,,,1252.968188522656,10940.24589,10958.82761,3276.832396,716.1834411668489,,1
Sample_019,well,Extra,2024-05-30,6.75,402.1,7.03,7.55,224.0,5.0,0.064,7.34,22.1,0.0461165048543689,8.32,0.01,0.16,74.4,0.005,0.77,12.4,0.005,9.77,0.02,5.13,0.32,,4.91,0.05,0.49,5.65,0.05,0.05,0.05,0.28,0.36,0.71186,0.13,0.93,0.13,0.15,0.1,0.25,0.0062,0.0002,0.0002,,,,1819.219399409718,8443.057445,4327.26556,11079.80754,,,4
Sample_020,well,Extra,2024-05-30,5.93,968.0,7.04,7.29,216.0,5.0,0.106,98.6,107.0,0.0370981038746908,2.25,0.01,0.05,95.8,0.005,1.74,19.7,0.005,59.9,0.01,4.82,1.12,,10.1,0.05,0.48,6.41,0.19,0.05,0.05,0.21,0.79,0.71237,0.14,0.23,0.12,0.14,0.1,0.24,0.00055,0.0002,0.0002,,,,169.1359046849088,11428.5153,8284.464468,10338.83649,0.0,,6
Sample_021,well,I,2024-05-30,0.341,712.0,7.93,8.02,288.0,5.0,1.1,32.7,18.1,0.1351132686084142,0.092,0.01,0.11,13.3,0.005,2.12,5.12,0.01,126.0,0.04,5.29,0.97,,20.6,0.05,0.08,0.1,0.11,0.05,0.06,0.18,0.05,0.711886,0.04,0.16,0.16,0.41,0.15,0.5599999999999999,0.99,0.00046,0.0002,-77.16,-204.0,,121.1900384288988,4648.346942,260.1208324,10059.81132,,800.2761772296238,4
Sample_023,well,S,2024-05-31,0.325,617.0,6.94,7.46,319.0,5.0,0.057,5.36,20.3,0.0331715210355987,0.137,0.01,0.14,73.5,0.005,2.29,25.0,0.01,16.8,0.02,6.85,0.67,,9.89,0.05,0.35,9.7,0.07,0.05,0.05,0.24,0.16,0.712803,0.04,0.04,0.11,0.12,0.06,0.18,0.027,0.0002,0.0002,,,,51.28210944418424,13058.66993,7559.760048,2413.138738,,508.9830061890661,2
Sample_024,well,Extra,2024-05-31,0.467,732.0,7.03,7.71,276.0,5.0,0.119,53.2,25.0,0.0370981038746908,1.23,0.01,0.15,88.5,0.03,1.31,19.6,0.03,25.9,0.02,6.09,0.67,,9.83,0.05,0.41,2.37,0.11,0.05,0.05,0.28,0.53,0.712079,0.13,0.12,0.11,0.12,0.09,0.21,0.0037,0.0001,0.0002,,,,2261.418597439568,10191.66215,6227.314993,11657.33982,,,2
Sample_025,well,C,2024-06-24,8.99,659.0,7.04,7.43,313.0,,0.068,7.94,44.3,0.0517799352750809,2.06,0.01,0.12,107.0,0.005,1.39,19.9,0.005,3.95,0.02,4.94,0.37,,6.45,0.05,0.18,1.07,0.12,0.05,0.3,0.36,0.52,0.711461,0.04,0.04,9.21,0.08,0.06,0.14,0.002,0.0002,0.0002,,,,1462.943087344492,5548.55815,5656.695386,9331.338586,,,4
Sample_026,well,I,2024-06-24,0.341,1539.0,6.77,7.18,270.0,5.0,0.042,307.0,32.9,0.0849134377576257,0.168,0.01,0.13,214.0,0.25,3.76,35.7,0.25,20.1,0.01,7.79,1.88,,17.5,0.05,0.12,1.77,0.06,0.05,0.21,0.25,0.05,0.712518,0.47,3.2,9.38,0.08,0.06,0.14,0.0045,0.0002,0.0002,,,,62.67124395909075,6699.662655,1622.06874,4992.081891,,,4
Sample_027,spring,I,2024-06-26,6.89,529.0,7.18,7.27,256.0,5.0,0.101,8.08,29.1,0.0250809061488673,0.581,0.01,0.1,93.2,0.005,0.06,9.26,0.005,4.2,0.01,4.78,0.2,,3.49,0.05,0.14,3.53,0.17,0.05,0.2,0.26,0.47,0.711904,0.73,2.95,9.17,0.08,0.06,0.14,0.0002,0.0002,0.0002,,,,767.1695755516685,7889.585099,1636.720737,8000.83244,,,4
Sample_028,spring,I,2024-06-25,8.2,406.9,7.04,7.48,182.0,5.0,0.149,2.03,20.2,0.023462783171521,12.9,0.01,0.14,77.2,0.005,0.19,2.86,0.005,2.61,0.02,4.4,0.14,,3.27,0.05,0.14,1.92,0.05,0.05,0.05,0.25,0.27,0.711478,0.77,3.17,9.21,0.08,0.06,0.14,0.0001,0.0001,0.0002,,,,37.82683236813735,5796.976597,1732.566626,4810.454422,,,2
Sample_030,well,I,2024-06-25,0.297,980.0,7.98,8.06,404.0,5.0,1.04,60.5,22.5,0.046925566343042,0.098,0.01,0.22,25.0,0.01,2.67,4.01,0.03,192.0,0.02,2.92,0.29,,9.68,0.05,0.29,0.23,0.13,0.05,0.05,0.44,0.35,0.712919,0.72,2.92,9.1,0.08,0.06,0.14,4.7,0.019,0.0002,-74.26,-202.3,,140.0564741932729,7226.136581,1377.624398,7451.707124,,,1
Sample_031,well,I,2024-06-25,0.403,864.0,7.11,7.54,265.0,5.0,0.106,115.0,14.7,0.0542071197411003,0.213,0.01,0.24,87.4,0.45,3.1,17.7,0.07,57.8,0.01,7.28,1.5,,11.7,0.05,0.21,0.09,0.05,0.05,0.05,0.4,0.05,0.712927,0.45,3.29,9.49,0.08,0.06,0.14,0.05,0.0001,0.0002,,,,935.0449251,7952.195683,1464.747463,7918.144804,,,4
Sample_032,well,I,2024-06-26,0.365,712.0,7.24,7.57,268.0,5.0,0.122,75.6,6.61,0.0889967637540453,0.265,0.01,0.43,66.3,0.13,2.97,14.3,0.03,58.3,0.01,7.89,1.1,,12.3,0.05,0.2,0.12,0.05,0.05,0.17,0.42,0.05,0.712946,0.04,0.04,0.36,0.08,0.06,0.14,0.08,0.0002,0.0002,,,,19.14753584514766,6948.312048,1211.294398,7151.023495,,,2
Sample_033,well,I,2024-06-26,1.93,687.0,6.95,7.42,313.0,5.0,0.066,18.2,35.1,0.0364077669902912,3.16,0.01,0.16,107.0,0.005,1.35,20.8,0.005,8.71,0.01,5.18,0.48,,6.94,0.05,0.6,4.88,0.22,0.05,0.05,1.59,0.34,0.711709,0.56,3.14,9.37,0.08,0.06,0.14,0.0002,0.0002,0.0002,,,,1392.609459432849,3492.904832,881.9004267,13738.95516,,,5
Sample_034,well,HS,2024-06-27,4.33,760.0,7.36,7.72,230.0,5.0,0.22,86.1,34.9,0.0396440129449838,6.34,0.01,0.11,60.4,0.005,2.66,20.0,0.005,62.9,0.01,5.06,1.33,,15.2,0.05,0.92,3.83,0.08,0.05,0.05,0.52,0.32,0.711559,0.04,0.04,0.04,0.08,0.06,0.14,0.00074,0.0001,0.0002,,,,815.9710979642491,1187.950635,2610.457838,6821.447122,130.7397127464032,,5
Sample_035,well,HS/I,2024-06-27,0.514,669.0,6.94,7.1,269.0,5.0,0.126,7.1,74.7,0.0307443365695792,0.143,0.01,0.06,106.0,0.13,1.67,14.7,0.43,13.3,0.01,7.09,0.63,,15.0,0.05,1.11,0.82,0.53,0.05,0.05,0.44,0.17,0.711544,0.04,0.04,0.04,0.08,0.06,0.14,0.0025,0.0001,0.0002,,,,2508.591341523679,1487.15354,1491.826417,7068.323567,,,4
Sample_036,well,C,2024-06-27,0.736,499.0,7.44,7.52,233.0,5.0,0.283,1.59,35.2,0.0283171521035598,0.306,0.01,0.06,46.6,0.005,2.59,19.3,0.005,31.8,0.01,5.66,1.77,,15.7,0.05,0.05,2.03,0.07,0.05,0.05,0.35,0.05,0.711647,0.04,2.86,9.15,0.08,0.06,0.14,0.00033,0.0001,0.0002,,,,1810.039021692315,6282.415955,5307.716184,10429.76846,,,4
Sample_037,well,HS,2024-06-27,7.28,856.0,7.08,7.69,252.0,5.0,0.057,102.0,38.5,0.0404530744336569,6.2,0.01,0.09,111.0,0.005,2.04,27.4,0.005,15.5,0.01,4.89,0.57,,7.55,0.05,0.46,8.09,0.42,0.05,0.05,0.64,0.68,0.712156,0.04,0.04,0.04,0.08,0.06,0.14,0.0006,0.0002,0.0002,,,,30.31223599420347,368.6643274,3317.83571,12627.37172,,,6
Sample_038,well,S,2024-06-27,7.26,589.0,7.03,7.2,263.0,5.0,0.102,4.5,39.5,0.029126213592233,7.52,0.01,0.07,76.7,0.005,2.67,25.6,0.005,9.87,0.02,5.74,0.61,,9.08,0.05,0.36,6.54,0.06,0.05,0.05,0.55,0.78,0.713063,0.04,0.04,0.04,0.08,0.06,0.14,0.0001,0.0001,0.0002,,,,3786.271483981786,2784.791798,7379.900907,1967.658394,766.3431404847315,,5
Sample_039,well,HS,2024-06-28,5.7,687.0,7.62,7.8,304.0,5.0,0.32,35.8,26.8,0.0444983818770226,0.794,0.01,0.24,33.8,0.005,2.69,12.8,0.005,99.9,0.01,5.52,1.06,,17.6,0.05,0.22,1.95,0.34,0.05,0.05,0.36,0.21,0.711672,0.39,3.13,9.17,0.08,0.06,0.14,0.00053,0.0001,0.0002,,,,175.8732954441849,1670.855298,2538.16801,7626.323327,192.7174605425059,,2
Sample_040,well,HS/I,2024-06-28,0.529,646.0,6.96,7.38,307.0,5.0,0.153,10.6,38.3,0.0200803212851405,0.146,0.01,0.11,90.1,0.01,1.76,27.9,0.07,5.7,0.01,9.62,0.68,,12.1,0.05,0.12,1.17,0.05,0.05,0.05,0.53,0.05,0.711141,0.74,2.92,9.21,0.08,0.06,0.14,0.0001,0.0001,0.0002,,,,2504.539840641884,789.1003345,1876.124736,5437.468241,460.6387812729719,,4
Sample_041,well,I,2024-06-28,0.413,654.0,7.01,7.47,269.0,5.0,0.105,21.7,53.0,0.0281124497991967,0.289,0.01,0.14,92.5,0.005,1.78,13.5,0.005,6.94,0.03,6.76,0.53,,13.2,0.05,0.45,5.01,0.09,0.05,0.05,0.52,0.21,0.712443,0.04,0.04,9.1,0.08,0.06,0.14,0.028,0.0002,0.0002,,,,2749.189001769991,9677.877789,1655.623605,8016.466164,,968.9117372167,2
Sample_042,well,HS/S,2024-07-15,2.93,671.0,7.19,7.6,385.0,5.0,0.365,16.2,32.9,0.0273092369477911,1.12,0.01,0.16,41.0,0.005,2.7,25.2,0.01,76.3,0.02,5.27,0.46,,13.1,0.05,0.78,4.67,0.05,0.05,0.21,0.2,0.26,0.711538,0.04,0.04,0.04,0.08,0.06,0.14,0.027,0.0002,0.0002,,,,2434.991612575428,1569.795792,10071.92552,1916.003352,0.0,,4
Sample_043,well,Extra,2024-07-15,8.4,2880.0,6.99,7.46,262.0,5.0,0.04,584.0,58.8,0.1236947791164658,9.08,0.01,0.16,295.0,0.005,4.8,53.7,0.005,190.0,0.01,6.15,1.07,,18.3,0.05,0.46,8.29,0.05,0.05,0.14,0.3,0.97,0.711157,0.04,0.04,0.04,0.08,0.06,0.14,0.0002,0.0001,0.0002,,,,1656.997606793987,4879.058164,6803.134953,7874.887304,35.50782816490928,,5
Sample_044,well,Extra,2024-07-15,0.94,230.0,7.48,7.08,43.0,5.0,0.196,11.0,39.4,0.0353413654618473,3.46,0.02,0.04,22.5,0.005,1.95,4.09,0.005,15.7,0.11,1.05,0.14,,2.24,0.05,0.47,1.47,0.14,0.05,0.05,0.15,0.07,0.711349,0.04,0.04,0.04,0.08,0.06,0.14,0.004,0.0002,0.0002,,,,4228.059492702575,4670.468787,6978.975171,4375.020803,0.0,,6
Sample_045,well,Extra,2024-07-15,7.87,923.0,6.72,7.02,282.0,5.0,0.102,2.78,225.0,0.0257028112449799,0.404,0.01,0.08,183.0,0.005,2.24,13.3,0.005,5.3,0.01,6.56,0.57,,19.7,0.05,0.28,9.46,0.05,0.05,0.05,0.22,0.33,0.712125,0.04,0.04,0.04,0.08,0.06,0.14,0.0001,0.0001,0.0002,,,,302.8549107630203,3821.920623,14064.53399,4374.332441,0.0,,6
Sample_046,spring,HS,2024-07-16,5.67,818.0,6.6,6.99,223.0,5.0,0.147,88.7,43.7,0.0401606425702811,16.5,0.01,0.09,86.8,0.005,3.47,22.9,0.005,44.6,0.03,5.6,0.45,,8.47,0.05,0.31,5.53,0.05,0.05,0.06,0.49,0.64,0.711821,0.04,0.04,0.04,0.08,0.06,0.14,0.0001,0.0001,0.0002,,,,2804.516021545283,899.5491181,2436.199765,5005.522299,56.73647486961064,,4
Sample_047,well,HS,2024-07-16,1.36,717.0,6.55,7.04,192.0,5.0,0.186,82.0,34.7,0.0273092369477911,10.6,0.01,0.05,66.8,0.005,2.62,16.8,0.05,55.0,0.04,5.58,0.25,,5.58,0.05,0.46,4.12,0.05,0.05,0.05,0.14,0.49,0.712099,0.04,0.04,0.04,0.08,0.06,0.14,0.0069,0.0002,0.0002,,,,2728.565143019382,797.5703176,2442.387858,5067.506682,3.839604549914083,,4
Sample_048,well,HS,2024-07-16,3.76,591.0,7.12,7.24,296.0,5.0,0.176,3.76,23.6,0.0208835341365461,1.52,0.01,0.12,50.5,0.005,3.05,16.2,0.01,62.2,0.03,8.9,1.41,,14.0,0.05,0.12,2.45,2.62,0.05,0.05,0.07,0.05,0.711587,0.04,0.04,0.04,0.08,0.06,0.14,0.0015,0.0001,0.0002,,,,3047.693964881639,1169.464231,2489.704947,4805.915122,316.0070173653378,,3
Sample_049,well,HS/I,2024-07-16,2.66,606.0,6.91,7.49,290.0,5.0,0.098,8.96,50.4,0.0208835341365461,0.378,0.01,0.13,102.0,0.01,1.61,14.3,0.09,5.39,0.01,8.33,0.41,,8.22,0.05,0.08,0.38,0.16,0.05,0.05,0.07,0.06,0.711802,0.04,0.04,0.04,0.08,0.06,0.14,0.0003,0.0002,0.0002,,,,783.5816084661877,1761.52179,1793.154183,13392.82778,,,6
Sample_050,well,I,2024-07-16,0.725,658.0,7.0,7.0,296.0,5.0,0.11,15.4,42.1,0.0257028112449799,0.304,0.01,0.1,101.0,0.09,1.59,20.0,0.26,7.69,0.01,7.52,0.45,,8.85,0.05,0.21,0.36,0.21,0.05,0.05,0.28,0.05,0.711287,0.04,0.04,0.04,0.08,0.06,0.14,0.0015,0.0002,0.0002,,,,398.2037373041228,3373.155094,1875.62438,12765.19371,,,2
Sample_051,well,HS,2024-07-17,3.02,1022.0,6.9,7.4,320.0,8.0,0.073,96.0,63.8,0.0305220883534136,9.07,0.01,0.1,116.0,0.01,2.67,26.4,0.005,67.1,0.01,5.11,0.56,,6.63,0.05,1.23,3.36,0.05,0.05,0.05,0.18,0.41,0.711354,0.04,0.04,0.04,0.08,0.06,0.14,0.0001,0.0001,0.0002,,,,52.41313433085784,691.2160397,5724.505272,13505.85061,150.7854280058729,,5
Sample_052,well,C,2024-07-17,9.92,813.0,8.1,7.91,370.0,5.0,0.999,30.3,24.4,0.0827309236947791,1.58,0.01,0.07,8.35,0.005,2.03,3.1,0.005,191.0,0.04,4.2,0.27,,16.7,0.05,0.24,0.29,1.94,0.05,0.05,0.06,0.05,0.711756,0.04,0.04,0.04,0.08,0.06,0.14,0.017,0.0002,0.0002,,,,1233.542260040228,5243.691011,5102.716329,10601.66646,,,4
Sample_053,well,Extra,2024-07-17,0.321,987.0,8.87,8.86,441.0,5.0,0.98,60.6,0.06,0.3461847389558233,0.196,0.01,0.21,1.48,0.005,1.33,0.66,0.01,249.0,0.29,4.55,0.1,,10.3,0.05,0.05,0.07,1.14,0.05,0.05,0.05,0.05,0.712594,0.04,0.04,0.04,0.08,0.06,0.14,6.0,0.04,0.0002,-63.5,-198.4,,108.8646692119359,14928.62016,6936.241155,4091.56336,,,2
Sample_054,well,Extra,2024-07-17,6.13,620.0,7.04,7.02,227.0,5.0,0.096,37.5,30.5,0.0273092369477911,5.78,0.01,0.14,87.1,0.005,1.65,13.2,0.005,23.5,0.02,4.84,0.41,,3.99,0.05,0.25,14.1,0.05,0.05,0.05,0.16,0.49,0.711965,0.04,0.04,0.04,0.08,0.06,0.14,0.016,0.0002,0.0002,,,,722.0893921708403,3209.524276,5927.362693,8748.164864,,,4
Sample_055,well,Extra,2024-07-18,1.32,1792.0,7.61,7.83,668.0,12.0,1.84,178.0,13.6,1.0096385542168675,0.229,0.01,0.14,5.55,0.01,1.84,1.5,0.03,459.0,0.04,3.23,0.26,,12.0,0.05,0.37,0.85,1.24,0.05,0.05,0.07,0.07,0.712441,0.04,0.04,0.04,0.08,0.06,0.14,13.0,0.24,0.0054,-64.31,-188.0,,5800.230696990197,23624.30072,22674.37775,8626.92501,0.0,,6
Sample_056,well,Extra,2024-07-18,1.73,589.0,7.29,7.51,276.0,5.0,0.064,8.17,23.8,0.0337349397590361,1.3,0.01,0.25,73.1,0.005,1.99,31.4,0.005,8.85,0.01,4.62,1.04,,6.98,0.05,0.06,0.99,0.05,0.05,0.05,0.05,0.32,0.711498,0.04,0.04,0.04,0.08,0.06,0.14,0.019,0.00033,0.0002,,,,619.2671980779597,3852.114518,5577.322046,11739.15356,,,2
Sample_057,well,HS/I,2024-07-19,0.999,615.0,6.88,7.41,224.0,5.0,0.161,40.8,34.6,0.0329317269076305,3.41,0.01,0.13,74.4,0.005,1.45,14.0,0.005,31.7,0.01,4.93,0.39,,5.12,0.05,0.14,1.93,0.17,0.05,0.05,0.3,0.54,0.7115,0.49,0.95,0.04,0.08,0.28,0.36,0.00088,0.0002,0.0002,,,,1053.311150080893,657.1243631,727.1876248,7628.552286,,,2
Sample_058,spring,HS,2024-07-19,5.52,580.0,6.94,7.55,274.0,5.0,0.094,1.45,42.3,0.0144578313253012,1.87,0.01,0.16,104.0,0.005,1.07,11.2,0.005,4.02,0.01,4.86,0.33,,4.85,0.05,0.08,3.07,0.05,0.05,0.05,0.08,0.48,0.711415,0.04,0.04,0.04,0.08,0.06,0.14,0.00035,0.0002,0.0002,,,,178.2948700832224,1091.52708,6679.698226,13993.31266,0.0,,4
Sample_059,well,HS,2024-08-12,9.13,447.6,6.92,7.16,201.0,5.0,0.115,4.03,25.8,0.0400925212027756,5.15,0.01,0.11,61.2,0.005,1.36,17.2,0.005,5.4,0.02,5.42,0.41,,8.44,0.05,0.22,4.91,0.42,0.05,0.08,0.14,0.44,0.711306,0.04,0.04,0.04,0.08,0.06,0.14,0.0002,0.0002,0.0002,,,,1082.274410390736,1063.619549,2902.301055,6450.850392,82.19862781647156,,4
Sample_060,well,HS,2024-08-12,0.62,526.0,7.41,7.59,232.0,5.0,0.346,16.6,23.5,0.0501156515034695,0.74,0.01,0.23,45.3,0.005,2.36,24.4,0.01,27.7,0.01,4.79,1.8,,14.6,0.05,0.19,0.2,0.36,0.05,0.11,0.05,0.05,0.711616,0.04,0.04,0.04,0.08,0.06,0.14,0.02,0.0002,0.0002,,,,1326.744462622665,813.6843395,2836.393041,6213.429822,260.5343893424702,,5
Sample_061,well,Extra,2024-08-12,1.07,548.0,7.05,7.5,264.0,5.0,0.135,2.23,32.4,0.0246723207401696,0.276,0.01,0.17,79.5,0.005,2.07,17.4,0.04,10.9,0.02,7.25,1.07,,10.3,0.05,0.22,3.08,0.48,0.05,0.05,0.16,0.05,0.711747,0.04,0.04,0.04,0.08,0.06,0.14,0.00045,0.0002,0.0002,,,,247.3715163448925,5625.389346,3411.830347,12548.4467,,,4
Sample_062,spring,HS,2024-08-12,8.68,539.0,7.36,7.3,240.0,5.0,0.098,3.79,31.9,0.0246723207401696,6.62,0.01,0.1,101.0,0.005,0.03,6.17,0.005,3.4,0.02,4.07,0.24,,4.87,0.05,0.12,0.05,0.15,0.05,0.05,0.05,0.54,0.711715,0.04,0.04,0.04,0.08,0.06,0.14,0.0002,0.0002,0.0002,,,,29.45836131214838,1516.13447,2248.170348,12562.34507,,,2
Sample_063,well,Extra,2024-08-13,0.409,536.0,6.87,7.24,244.0,5.0,0.129,4.02,41.5,0.0292983808789514,0.118,0.01,0.15,81.7,0.5,1.18,17.2,0.19,4.98,0.02,6.59,0.49,,9.8,0.05,0.11,0.05,0.13,0.05,0.05,0.14,0.05,0.711821,0.04,0.04,0.04,0.08,0.06,0.14,0.0014,0.0002,0.0002,,,,659.0333415477279,4923.022277,3253.482284,12959.5611,,,5
Sample_064,well,Extra,2024-08-13,9.17,525.0,7.18,7.39,247.0,5.0,0.054,1.12,29.2,0.0254433307632999,8.38,0.01,0.14,95.4,0.005,0.91,11.0,0.005,2.04,0.02,5.09,0.26,,3.32,0.05,0.34,4.26,0.05,0.05,0.05,0.05,0.26,0.711478,0.04,0.04,0.1,0.08,0.06,0.14,0.00085,0.0002,0.0002,,,,849.2491355791459,4574.389916,3359.952051,12842.28124,,,5
Sample_065,spring,HS/I,2024-08-13,0.587,620.0,7.02,7.54,304.0,5.0,0.066,11.4,29.7,0.0354664610639938,7.47,0.02,0.17,127.0,0.005,1.47,7.85,0.005,5.26,0.02,5.52,0.28,,6.9,0.05,0.34,4.9,0.12,0.05,0.05,0.39,0.94,0.711667,0.04,0.04,0.04,0.08,0.06,0.14,0.0002,0.0002,0.0003,,,,2106.216916675378,504.0010228,1814.130068,10276.45176,,,6
Sample_066,well,HS,2024-08-13,1.83,2392.0,6.63,6.92,322.0,5.0,0.11,568.0,71.6,0.1241326137239784,3.34,0.01,0.14,219.0,0.01,3.59,37.1,0.005,193.0,0.02,5.96,1.33,,18.1,0.05,1.21,13.2,0.24,0.05,0.05,0.56,0.68,0.711433,0.04,0.04,0.04,0.08,0.06,0.14,0.0001,0.0001,0.0002,,,,2947.119256933481,918.7072848,2965.891574,4601.60802,0.0,,4
Sample_067,well,HS,2024-08-13,2.14,842.0,7.09,7.39,264.0,5.0,0.116,79.3,56.8,0.0316114109483423,1.29,0.01,0.1,126.0,0.005,2.03,21.3,0.01,12.6,0.02,4.87,0.48,,13.1,0.05,0.55,3.36,0.11,0.05,0.05,0.24,0.42,0.711286,0.04,0.04,0.04,0.08,0.06,0.14,0.0001,0.0002,0.0002,,,,3026.322207507466,1016.83808,2902.683634,4571.516422,10.60422894963129,,5
Sample_068,well,Extra,2024-08-14,0.828,1121.0,6.48,6.95,171.70000000000002,5.0,0.114,217.0,38.0,0.07710100231303,0.597,0.01,0.15,136.0,0.06,2.07,25.8,0.07,31.5,0.01,5.81,0.54,,11.5,0.05,0.52,2.33,0.1,0.05,0.05,0.19,0.25,0.711589,0.04,0.04,0.04,0.08,0.06,0.14,0.0066,0.0002,0.0002,,,,28.52360731,3771.13207,3929.700532,9413.939202,,,4
Sample_069,well,C,2024-08-14,7.57,554.0,7.14,7.6,277.2,,0.115,4.83,21.1,0.0239013107170393,1.9,0.01,0.17,92.3,0.005,1.46,9.92,0.01,12.7,0.02,4.77,0.51,,7.59,0.05,0.54,5.61,0.05,0.05,0.05,0.05,0.26,0.711478,0.04,0.04,0.04,0.08,0.06,0.14,0.0001,0.0001,0.0002,,,,945.3552409778856,5044.635854,5120.163149,9483.927123,,,2
Sample_070,spring,C,2024-08-14,9.06,553.0,7.37,7.74,270.0,,0.101,6.64,20.7,0.0223592906707787,1.31,0.01,0.15,98.4,0.005,0.98,10.8,0.005,3.48,0.03,4.26,0.32,,3.72,0.05,0.16,1.82,0.05,0.05,0.05,0.05,0.27,0.711335,0.04,0.04,0.04,0.08,0.06,0.14,0.0002,0.0002,0.0002,,,,879.8439405555652,5012.396604,5073.02265,9452.532657,,,1
Sample_071,well,HS/I,2024-08-14,0.398,809.0,7.36,7.63,404.0,,1.4,8.54,26.8,0.0593677717810331,6.23,0.01,0.18,40.9,0.005,3.26,10.3,0.01,138.0,0.03,5.23,0.61,,13.1,0.05,0.29,2.53,0.18,0.05,0.05,0.35,0.19,0.711666,0.04,0.04,0.04,0.08,0.06,0.14,0.0041,0.0002,0.0002,,,,1526.118683904431,589.1525363,1231.733047,9772.416767,,,4
Sample_072,spring,HS/I,2024-08-14,8.49,672.0,7.87,7.84,294.0,,0.076,11.0,41.0,0.0331534309946029,26.8,0.01,0.15,117.0,0.005,2.47,17.6,0.005,9.64,0.04,4.93,0.39,,4.86,0.05,0.23,0.11,0.18,0.05,0.05,0.05,0.53,0.71134,0.04,0.04,0.04,0.08,0.06,0.14,0.0002,0.0002,0.0003,,,,1526.118683904431,589.1525363,1231.733047,9772.416767,,,4
Sample_073,well,C,2024-08-14,0.345,590.0,6.67,7.17,260.0,5.0,0.086,6.49,45.3,0.0285273708558211,0.179,0.01,0.1,107.0,0.005,0.95,10.3,0.02,3.62,0.02,4.66,0.4,,7.66,0.05,0.43,0.05,0.05,0.05,0.05,0.05,0.22,0.711574,0.04,0.04,0.04,0.08,0.06,0.14,0.0003,0.0002,0.0002,,,,1193.326843968181,5257.694582,5355.398192,9443.601523,,,5
Sample_074,well,Extra,2024-08-15,5.98,426.7,6.68,7.58,196.0,7.0,0.178,2.72,31.7,0.0277563608326908,2.31,0.02,0.11,69.4,0.005,1.26,10.6,0.005,4.26,0.01,6.82,0.24,,11.5,0.05,0.16,3.85,0.29,0.05,0.05,0.05,0.28,0.711522,0.04,0.04,0.04,0.08,0.06,0.14,0.00042,0.0002,0.0002,,,,202.9293502909491,3071.148463,3553.887289,9828.503719,851.2008831811498,,4
Sample_075,spring,HS,2024-08-15,6.49,691.0,6.88,7.22,324.0,5.0,0.094,5.0,33.0,0.0239013107170393,11.5,0.01,0.16,129.0,0.005,2.73,11.2,0.005,5.24,0.03,5.05,0.38,,4.79,0.05,0.35,4.62,0.13,0.05,0.05,0.11,0.59,0.711517,0.04,0.04,0.04,0.08,0.06,0.14,0.0028,0.0001,0.0002,,,,1112.144014770462,1098.946334,3303.558073,11545.50799,,,4
Sample_076,well,Extra,2024-08-15,1.67,666.0,6.69,7.28,223.0,5.0,0.195,51.1,32.8,0.0501156515034695,2.24,0.01,0.17,86.7,0.005,2.03,14.9,0.005,25.7,0.02,5.66,0.45,,13.5,0.05,1.47,5.25,0.05,0.05,0.05,0.77,0.48,0.71169,0.04,0.04,0.04,0.08,0.06,0.14,0.0002,0.0002,0.0003,,,,25.90582646585288,2991.064351,3396.709552,9574.119282,919.7253997802218,,4
Sample_077,well,HS,2024-08-15,4.02,1354.0,6.37,6.62,175.0,5.0,0.131,286.0,53.2,0.0732459521973785,0.191,0.02,0.05,177.0,0.06,2.66,13.7,0.41,60.6,0.01,7.15,0.5,,34.5,0.05,1.14,1.9,0.05,0.05,0.05,0.05,0.05,0.711652,0.04,0.04,0.04,0.08,0.06,0.14,0.0003,0.0002,0.0002,,,,19.12887125648092,783.3251927,3971.173066,10956.97484,,,5
Sample_078,well,HS,2024-08-15,1.09,967.0,6.91,7.18,208.0,5.0,0.072,159.0,26.2,0.0439475713184271,2.47,0.01,0.19,133.0,0.005,2.66,27.7,0.03,10.4,0.01,5.38,0.39,,12.2,0.05,0.37,5.85,0.05,0.05,0.05,0.11,0.47,0.71218,0.04,0.04,0.04,0.08,0.06,0.14,0.0003,0.0002,0.0002,,,,86.53714774,626.0040743,3873.018222,10800.74643,,,6
Sample_079,well,HS/I,2024-08-16,0.707,658.0,7.2,7.5,309.0,5.0,0.32,17.2,23.0,0.0408635312259059,0.327,0.01,0.19,50.1,0.005,2.08,10.4,0.005,85.9,0.02,5.44,0.94,,13.9,0.05,0.14,2.01,0.27,0.05,0.05,0.14,0.19,0.711548,0.04,0.04,0.04,0.08,0.06,0.14,0.02,0.0002,0.0002,,,,2840.997464973573,1709.499297,1714.696848,6671.218973,,,4
Sample_080,well,Extra,2024-08-16,8.22,677.0,7.05,7.14,244.0,5.0,0.09,2.86,115.0,0.0254433307632999,0.299,0.01,0.07,134.0,0.005,1.48,7.75,0.005,2.89,0.01,4.21,0.35,,11.1,0.05,0.65,2.97,0.1,0.05,0.05,0.3,0.35,0.711512,0.04,0.04,0.04,0.08,0.06,0.14,0.0002,0.0002,0.0002,,,,225.0019364901689,3044.598013,4480.479736,11999.63339,,,6
Sample_081,well,S,2024-09-16,4.24,728.0,6.76,6.89,305.0,11.0,0.129,20.5,55.9,0.0315533980582524,1.51,0.01,0.18,106.0,0.005,1.43,20.5,0.01,14.2,0.02,5.67,0.79,,7.08,0.05,0.54,22.2,0.13,0.05,0.05,0.14,0.23,,0.04,0.04,0.04,0.08,0.06,0.14,0.0058,0.0002,0.0002,,,,1352.842618389873,8385.757069,8160.428689,1954.969634,0.0,,2
Sample_082,well,S,2024-09-16,1.06,3485.0,7.43,7.77,541.0,5.0,3.52,697.0,9.68,5.8128514056224905,1.78,0.01,2.05,19.5,0.005,5.22,9.96,0.005,622.0,0.02,3.48,2.1,,61.9,0.05,0.17,4.43,0.05,0.05,0.05,0.13,0.05,,0.04,0.04,0.04,0.08,0.06,0.14,0.14,0.0,0.0002,,,,1298.670715281142,11098.43661,21563.57089,2422.401229,0.0,393.6237580945696,1
Sample_083,well,S,2024-09-16,6.75,621.0,7.23,7.62,183.0,5.0,0.287,23.8,110.0,0.0590614886731391,6.36,0.01,0.09,73.7,0.005,2.21,10.4,0.005,33.1,0.07,3.42,0.27,,4.35,0.05,0.37,2.08,0.12,0.05,0.05,0.12,0.4,,0.06,0.1,0.04,0.08,0.08,0.16,0.00029,0.0001,0.0002,,,,888.6189889555626,10952.76109,10971.31468,2824.575755,,,5
Sample_084,well,S,2024-09-16,0.416,686.0,7.08,7.32,272.0,5.0,0.242,21.5,72.1,0.0315533980582524,0.038,0.01,0.05,83.3,0.005,2.19,28.5,0.06,14.7,0.02,5.9,0.55,,11.4,0.05,0.32,1.56,0.12,0.05,0.05,0.11,0.35,,0.04,0.04,0.04,0.08,0.06,0.14,0.0004,0.0002,0.0002,,,,566.9513633221537,5910.536847,11478.09385,2820.231791,0.0,,4
Sample_086,well,S,2024-09-17,0.331,1615.0,8.97,9.08,527.0,63.0,1.43,170.0,1.1,0.1253012048192771,0.116,0.01,0.14,0.67,0.005,1.16,0.31,0.005,331.0,0.07,3.47,0.1,,6.4,0.05,0.15,3.89,0.05,0.05,0.05,0.05,0.05,,0.04,0.04,0.04,0.08,0.06,0.14,57.0,0.58,0.0002,-65.2,-219.3,,240.1539923710536,15746.36363,8070.241876,2975.306196,,,4
Sample_087,well,S,2024-09-17,0.367,563.0,7.05,7.45,256.0,5.0,0.088,26.4,9.34,0.0152610441767068,0.103,0.01,0.81,78.4,0.86,1.73,9.88,0.2,18.9,0.06,8.46,0.61,,3.07,0.05,0.1,0.05,1.78,0.05,0.05,0.05,0.05,,0.04,0.04,0.04,0.08,0.06,0.14,1.5,0.0011,0.0002,-65.87,-153.9,,35.17548511070559,12682.87558,7329.511904,2768.171526,,899.4059657019825,2
Sample_090,well,S,2024-09-17,0.455,551.0,6.05,6.42,88.0,5.0,0.082,80.7,47.8,0.0337349397590361,0.87,0.01,0.07,36.2,0.02,7.01,8.43,0.09,47.3,0.01,6.27,0.25,,5.36,0.05,2.19,2.88,0.05,0.05,0.05,0.14,0.05,,0.04,0.04,0.04,0.08,0.06,0.14,0.0031,0.0002,0.0002,,,,1228.090063327217,4414.79571,4491.557226,2592.088597,,,2
Sample_092,well,HS,2024-11-20,9.2,1056.0,6.88,7.15,251.0,5.0,0.17,122.0,82.5,0.0554216867469879,0.44,0.01,0.04,138.0,0.005,2.84,32.9,0.005,12.7,0.01,9.4,0.78,,38.03,0.05,0.26,5.25,0.56,0.05,0.05,0.1,0.18,,,,,,,,0.041,0.0093,0.0031,,,,506.4529480671798,833.9869833,2915.8719,10001.2577,44.65176018239656,699.4335130787924,4
Sample_093,well,S,2024-11-21,3.69,550.0,6.96,6.94,225.0,,0.082,4.06,27.7,0.033,1.48,0.01,0.14,38.2,0.02,2.33,10.1,0.04,44.5,0.02,4.32,0.78,,8.38,0.05,0.72,2.22,0.18,0.05,0.05,0.28,0.66,,0.216960613,1.561526495,0.259107863,0.953895657,0.46380578,1.417701437,0.2,0.00082,0.00044,,,,5339.040701268111,40020.88102,37439.607,512.4001848,0.0,,4
Sample_094,well,S,2024-11-21,6.75,431.0,6.73,6.74,156.0,,0.115,6.19,28.9,0.029718875502008,10.7,0.01,0.1,55.5,0.005,2.6,11.2,0.005,15.3,0.02,5.05,0.39,,5.03,0.05,0.35,5.38,0.2,0.05,0.05,0.27,0.4,,0.04,0.04,0.04,0.08,0.06,0.14,0.0091,0.0002,0.0001,,,,5437.402042238157,40066.57086,37466.5934,576.7133577,39.14421357558633,,1
